Unnamed: 0,Condition,Owner_in,Size_in,Type_in,Quality_in,Owner_out,Size_out,Type_out,Quality_out,DaysInDeposit,week
0,O,1,2,DRY,CLASE B-C,2,2,DRY,CLASE B-C,28,5
1,O,1,2,DRY,CLASE B-C,2,2,DRY,CLASE B-C,28,5
2,D,2,2,DRY,CLASE B-C,2,2,DRY,CLASE B-C,29,5
3,O,1,2,DRY,CLASE B-C,2,2,DRY,CLASE B-C,28,5
4,O,6,2,DRY,CLASE B-C,2,2,DRY,CLASE B-C,30,5
5,O,6,2,DRY,CLASE B-C,2,2,DRY,CLASE B-C,28,5
6,O,6,2,DRY,CLASE B-C,2,2,DRY,CLASE B-C,32,5
7,O,6,2,DRY,CLASE B-C,2,2,DRY,CLASE B-C,25,5
8,O,6,2,DRY,CLASE B-C,2,2,DRY,CLASE B-C,30,5
9,O,6,2,DRY,CLASE B,2,2,DRY,CLASE B-C,30,5
10,O,6,2,DRY,CLASE B-C,2,2,DRY,CLASE B-C,21,5
11,O,6,2,DRY,CLASE B,2,2,DRY,CLASE B-C,30,5
12,O,6,2,DRY,CLASE B-C,1,2,DRY,CLASE B-C,31,5
13,O,6,2,DRY,CLASE B-C,2,2,DRY,CLASE B-C,21,5
14,O,6,2,DRY,CLASE B-C,1,2,DRY,CLASE B-C,82,5
15,O,6,2,DRY,CLASE B-C,1,2,DRY,CLASE B-C,85,5
16,O,3,2,DRY,CLASE A,9,2,DRY,CLASE B-C,39,5
17,O,9,2,DRY,CLASE B-C,2,2,DRY,CLASE A,28,5
18,O,9,2,DRY,CLASE B-C,2,2,DRY,CLASE B-C,30,5
19,O,2,2,RF,CLASE B-C,6,2,DRY,CLASE B-C,15,5
20,O,3,2,DRY,CLASE B-C,6,2,DRY,CLASE B-C,9,5
21,O,3,2,DRY,CLASE B-C,7,2,DRY,CLASE B-C,4,5
22,O,3,2,DRY,CLASE B-C,7,2,DRY,CLASE B-C,4,5
23,O,7,2,DRY,CLASE B-C,7,2,DRY,CLASE B-C,4,5
24,O,4,2,DRY,CLASE B-C,7,2,DRY,CLASE A,4,5
25,I,2,1,DRY,INSPECTION,7,2,DRY,CLASE B-C,4,5
26,D,2,1,DRY,CLASE B-C,7,2,DRY,CLASE B-C,4,5
27,D,2,1,DRY,CLASE B-C,7,2,DRY,CLASE D,4,5
28,O,2,1,DRY,CLASE B-C,7,2,DRY,CLASE B-C,4,5
29,D,2,1,DRY,CLASE D,7,2,DRY,CLASE B-C,4,5
30,O,2,2,RF,CLASE B-C,1,2,DRY,CLASE B-C,41,5
31,O,2,2,RF,CLASE B-C,1,2,DRY,CLASE B-C,38,5
32,O,5,2,DRY,CLASE B-C,3,2,DRY,CLASE A,19,5
33,O,5,2,DRY,CLASE B-C,3,2,DRY,CLASE A,19,5
34,O,5,2,DRY,CLASE B-C,3,2,DRY,CLASE B-C,23,5
35,D,5,2,DRY,CLASE D,2,2,DRY,CLASE B-C,30,5
36,D,5,2,DRY,CLASE B-C,2,2,DRY,CLASE A,28,5
37,O,5,2,DRY,CLASE B-C,2,2,DRY,CLASE B-C,30,5
38,O,5,2,DRY,CLASE B-C,3,2,DRY,CLASE B-C,18,5
39,O,5,2,DRY,CLASE B-C,3,2,DRY,CLASE B-C,24,5
40,O,1,2,DRY,CLASE B-C,3,2,DRY,CLASE B-C,24,5
41,I,1,2,DRY,INSPECTION,1,1,DRY,CLASE B-C,5,5
42,O,1,2,DRY,CLASE B-C,1,1,DRY,CLASE B-C,5,5
43,O,3,1,DRY,CLASE B-C,7,2,DRY,CLASE B,4,5
44,I,3,2,DRY,INSPECTION,7,2,DRY,CLASE B-C,4,5
45,O,3,2,DRY,CLASE A,7,2,DRY,CLASE B-C,4,5
46,O,3,2,DRY,CLASE B-C,7,2,DRY,CLASE A,4,5
47,I,3,2,DRY,INSPECTION,7,2,DRY,CLASE B-C,4,5
48,O,3,2,DRY,CLASE B-C,7,2,DRY,CLASE B,4,5
49,O,8,2,DRY,CLASE B-C,7,2,DRY,CLASE B-C,4,5
50,O,8,2,DRY,CLASE B-C,7,2,DRY,CLASE B-C,4,5
51,O,8,2,DRY,CLASE B-C,7,2,DRY,CLASE B-C,4,5
52,D,6,2,RF,CLASE B-C,7,2,DRY,CLASE B-C,4,5
53,O,6,2,DRY,CLASE B-C,7,2,DRY,CLASE B-C,4,5
54,O,6,2,DRY,CLASE B-C,7,2,DRY,CLASE B-C,4,5
55,O,6,2,RF,CLASE B-C,7,2,DRY,CLASE B-C,4,5
56,D,6,2,DRY,CLASE B-C,7,2,DRY,CLASE B-C,4,5
57,O,6,2,DRY,CLASE B-C,7,2,DRY,CLASE B-C,4,5
58,D,6,2,RF,CLASE B-C,7,2,DRY,CLASE B-C,4,5
59,D,6,2,RF,CLASE B-C,7,2,DRY,CLASE B-C,4,5
60,O,6,2,DRY,CLASE B-C,1,2,DRY,CLASE B-C,4,5
61,D,6,2,DRY,CLASE B-C,6,2,DRY,CLASE B-C,1,5
62,O,6,2,DRY,CLASE B-C,3,2,DRY,CLASE B-C,74,5
63,O,6,2,DRY,CLASE B-C,5,2,DRY,CLASE B-C,47,5
64,O,6,2,DRY,CLASE B-C,5,2,DRY,CLASE B-C,46,5
65,O,6,2,DRY,CLASE B-C,2,2,DRY,CLASE B-C,29,5
66,D,6,2,DRY,CLASE B-C,3,2,DRY,CLASE A,19,5
67,O,6,2,DRY,CLASE B-C,2,2,DRY,CLASE B-C,30,5
68,O,6,2,DRY,CLASE B-C,2,2,DRY,CLASE B-C,28,5
69,D,6,2,DRY,CLASE B-C,2,2,DRY,CLASE B-C,30,5
70,D,6,2,DRY,CLASE B-C,2,2,DRY,CLASE B-C,30,5
71,D,6,2,DRY,CLASE B-C,2,2,DRY,CLASE B-C,25,5
72,O,6,2,DRY,CLASE B-C,2,2,DRY,CLASE B-C,28,5
73,O,7,2,DRY,CLASE B,2,2,DRY,CLASE B-C,25,5
74,O,7,2,DRY,CLASE A,1,2,DRY,CLASE B-C,31,5
75,O,7,2,DRY,CLASE B-C,3,2,DRY,CLASE B-C,18,5
76,O,7,2,DRY,CLASE B-C,3,2,DRY,CLASE B-C,24,5
77,O,7,2,DRY,CLASE B-C,3,2,DRY,CLASE B-C,24,5
78,O,7,2,DRY,CLASE B-C,3,2,DRY,CLASE B-C,18,5
79,O,7,2,DRY,CLASE B-C,3,2,DRY,CLASE B-C,18,5
80,O,7,2,DRY,CLASE B-C,3,2,DRY,CLASE B-C,24,5
81,O,7,2,DRY,CLASE B-C,6,2,DRY,CLASE B-C,15,5
82,O,7,2,DRY,CLASE B-C,7,2,RF,CLASE B-C,26,5
83,O,7,2,DRY,CLASE B-C,9,2,DRY,CLASE B-C,18,5
84,O,7,2,DRY,CLASE B-C,2,2,DRY,CLASE B-C,17,5
85,I,7,2,DRY,INSPECTION,2,2,DRY,CLASE B-C,17,5
86,O,7,2,DRY,CLASE B-C,2,2,DRY,CLASE B-C,17,5
87,O,7,2,DRY,CLASE B-C,2,2,DRY,CLASE B-C,17,5
88,O,7,2,DRY,CLASE B-C,5,2,DRY,CLASE B-C,22,5
89,O,7,2,DRY,CLASE B-C,3,2,DRY,CLASE B-C,18,5
90,O,7,2,DRY,CLASE B-C,3,2,DRY,CLASE A,1,5
91,O,7,2,DRY,CLASE B-C,7,2,DRY,CLASE D,4,5
92,O,7,2,DRY,CLASE B-C,7,2,DRY,CLASE B-C,4,5
93,O,7,2,DRY,CLASE B-C,7,2,DRY,CLASE B-C,4,5
94,O,7,2,DRY,CLASE B-C,7,2,DRY,CLASE B-C,5,5
95,O,7,2,DRY,CLASE B-C,7,2,DRY,CLASE B-C,5,5
96,D,7,2,DRY,CLASE B-C,7,2,DRY,CLASE B-C,4,5
97,O,7,2,DRY,CLASE B-C,7,2,DRY,CLASE B-C,4,5
98,O,7,2,DRY,CLASE B-C,7,2,DRY,CLASE B-C,1,5
99,O,7,2,DRY,CLASE B-C,7,2,DRY,CLASE B-C,5,5
100,O,7,2,DRY,CLASE B-C,7,2,DRY,CLASE B-C,5,5
101,O,7,2,DRY,CLASE B-C,7,2,DRY,CLASE B-C,5,5
102,D,7,2,DRY,CLASE D,7,2,DRY,CLASE B-C,5,5
103,O,7,2,DRY,CLASE B-C,7,2,DRY,CLASE B-C,5,5
104,O,7,2,DRY,CLASE B-C,7,2,DRY,CLASE B-C,5,5
105,O,7,2,DRY,CLASE B-C,7,2,DRY,CLASE B-C,5,5
106,O,7,2,DRY,CLASE B-C,7,2,DRY,CLASE D,4,5
107,O,7,2,DRY,CLASE B-C,7,2,DRY,CLASE B-C,1,5
108,O,7,2,DRY,CLASE B-C,7,2,DRY,CLASE B-C,3,5
109,D,7,2,DRY,CLASE B-C,7,2,DRY,CLASE B-C,1,5
110,O,7,2,DRY,CLASE B-C,7,2,DRY,CLASE B-C,1,5
111,O,7,2,DRY,CLASE B-C,7,2,DRY,CLASE B-C,1,5
112,O,7,2,DRY,CLASE B-C,7,2,DRY,CLASE B-C,1,5
113,O,7,2,DRY,CLASE B-C,7,2,DRY,CLASE B-C,1,5
114,O,7,2,DRY,CLASE B-C,7,2,DRY,CLASE B-C,1,5
115,I,7,2,DRY,INSPECTION,7,2,DRY,CLASE B-C,1,5
116,O,7,2,DRY,CLASE B-C,7,2,DRY,CLASE B-C,1,5
117,O,7,2,DRY,CLASE B-C,7,2,DRY,CLASE B-C,1,5
118,O,7,2,DRY,CLASE B-C,7,2,DRY,CLASE B-C,1,5
119,O,7,2,DRY,CLASE B-C,7,2,DRY,CLASE B-C,3,5
120,O,7,2,DRY,CLASE B,7,2,DRY,CLASE B-C,1,5
121,O,7,2,DRY,CLASE B-C,1,2,DRY,CLASE B-C,4,5
122,O,7,2,DRY,CLASE B-C,1,2,DRY,CLASE B-C,4,5
123,O,7,2,DRY,CLASE B-C,6,2,DRY,CLASE B-C,1,5
124,O,7,2,DRY,CLASE B-C,6,2,DRY,CLASE B-C,1,5
125,O,7,2,DRY,CLASE B-C,6,2,DRY,CLASE B-C,1,5
126,O,7,2,DRY,CLASE B-C,1,2,DRY,CLASE B-C,67,5
127,D,7,2,DRY,CLASE B-C,1,2,DRY,CLASE B-C,62,5
128,O,7,2,DRY,CLASE B-C,1,2,DRY,CLASE B-C,64,5
129,O,7,2,DRY,CLASE B-C,1,2,DRY,CLASE B-C,57,5
130,O,7,2,DRY,CLASE B-C,4,2,DRY,CLASE B-C,60,5
131,O,7,2,DRY,CLASE B-C,4,2,DRY,CLASE B-C,60,5
132,O,7,2,DRY,CLASE B-C,1,2,DRY,CLASE B-C,1,5
133,O,7,2,DRY,CLASE B-C,1,2,DRY,CLASE B-C,42,5
134,D,7,2,DRY,CLASE B-C,1,2,DRY,CLASE B-C,1,5
135,O,7,2,DRY,CLASE B-C,4,2,RF,CLASE B-C,49,5
136,O,7,2,DRY,CLASE B-C,7,2,RF,CLASE B-C,53,5
137,O,7,2,DRY,CLASE B-C,6,2,DRY,CLASE B-C,49,5
138,O,7,2,DRY,CLASE B-C,1,2,DRY,CLASE B-C,1,5
139,O,7,2,DRY,CLASE B-C,6,2,RF,CLASE B-C,36,5
140,O,7,2,DRY,CLASE B-C,2,2,DRY,CLASE B-C,31,5
141,O,7,2,DRY,CLASE B-C,2,2,DRY,CLASE B-C,31,5
142,O,7,2,DRY,CLASE B-C,2,2,DRY,CLASE B-C,31,5
143,O,7,2,DRY,CLASE B-C,2,2,DRY,CLASE B-C,31,5
144,O,7,2,DRY,CLASE B-C,2,2,DRY,CLASE B-C,31,5
145,O,7,2,DRY,CLASE B-C,2,2,DRY,CLASE B-C,31,5
146,O,7,2,DRY,CLASE B-C,2,2,DRY,CLASE B-C,31,5
147,O,7,2,DRY,CLASE B-C,2,2,DRY,CLASE B-C,31,5
148,O,7,2,DRY,CLASE B-C,2,2,DRY,CLASE B-C,31,5
149,O,7,2,DRY,CLASE B-C,2,2,DRY,CLASE B-C,31,5
150,O,7,2,DRY,CLASE B-C,1,2,DRY,CLASE B-C,33,5
151,O,7,2,DRY,CLASE B-C,1,2,RF,CLASE B-C,32,5
152,O,7,2,DRY,CLASE B-C,1,2,RF,CLASE B-C,21,5
153,O,7,2,DRY,CLASE B-C,1,2,DRY,CLASE B-C,18,5
154,O,7,2,DRY,CLASE B-C,2,2,DRY,CLASE B-C,21,5
155,O,7,2,DRY,CLASE B-C,2,2,DRY,CLASE B-C,21,5
156,O,7,2,DRY,CLASE B-C,2,2,DRY,CLASE B-C,22,5
157,O,7,2,DRY,CLASE B-C,2,2,DRY,CLASE B-C,25,5
158,O,7,2,DRY,CLASE B-C,2,2,DRY,CLASE B-C,25,5
159,O,7,2,DRY,CLASE B-C,2,2,DRY,CLASE B-C,21,5
160,O,7,2,DRY,CLASE B-C,2,2,DRY,CLASE B-C,30,5
161,O,7,2,DRY,CLASE B-C,2,2,DRY,CLASE B-C,30,5
162,O,7,2,DRY,CLASE B-C,2,2,DRY,CLASE B-C,21,5
163,O,7,2,DRY,CLASE B-C,1,2,DRY,CLASE B-C,31,5
164,O,7,2,DRY,CLASE B-C,1,2,DRY,CLASE B-C,31,5
165,O,7,2,DRY,CLASE B-C,3,2,DRY,CLASE B-C,18,5
166,O,7,2,DRY,CLASE B-C,3,2,DRY,CLASE B-C,18,5
167,O,7,2,DRY,CLASE B-C,3,2,DRY,CLASE A,18,5
168,O,7,2,DRY,CLASE B-C,3,2,DRY,CLASE B-C,18,5
169,O,7,2,DRY,CLASE B-C,6,2,DRY,CLASE B-C,15,5
170,O,7,2,DRY,CLASE B-C,6,2,DRY,CLASE B-C,15,5
171,O,7,2,DRY,CLASE B-C,6,2,DRY,CLASE B-C,15,5
172,O,7,2,DRY,CLASE B-C,6,2,DRY,CLASE B-C,15,5
173,O,7,2,DRY,CLASE B-C,6,2,RF,CLASE B-C,21,5
174,O,7,2,DRY,CLASE B-C,6,2,DRY,CLASE B-C,15,5
175,O,7,2,DRY,CLASE B-C,6,2,DRY,CLASE B-C,15,5
176,O,7,2,DRY,CLASE B-C,6,2,DRY,CLASE B-C,15,5
177,O,7,2,DRY,CLASE A,1,2,DRY,CLASE B-C,25,5
178,O,7,2,DRY,CLASE B-C,9,1,DRY,CLASE B-C,18,5
179,O,7,2,DRY,CLASE B-C,9,1,DRY,CLASE B-C,19,5
180,O,7,2,DRY,CLASE B-C,2,2,DRY,CLASE B-C,17,5
181,O,7,2,DRY,CLASE B-C,2,2,DRY,CLASE B-C,17,5
182,O,7,2,DRY,CLASE B-C,2,2,DRY,CLASE B-C,17,5
183,O,7,2,DRY,CLASE B-C,2,2,DRY,CLASE B-C,17,5
184,O,7,2,DRY,CLASE B-C,2,2,DRY,CLASE B-C,17,5
185,O,7,2,DRY,CLASE B-C,2,2,DRY,CLASE B-C,17,5
186,O,7,2,DRY,CLASE B-C,1,2,RF,CLASE B-C,22,5
187,O,7,2,DRY,CLASE B-C,1,2,RF,CLASE B-C,22,5
188,O,7,2,DRY,CLASE B-C,6,2,RF,CLASE B-C,18,5
189,O,7,2,DRY,CLASE B-C,6,2,RF,CLASE B-C,18,5
190,O,7,2,DRY,CLASE B-C,6,2,DRY,CLASE B-C,16,5
191,O,7,2,DRY,CLASE B-C,6,2,DRY,CLASE B-C,16,5
192,D,7,2,DRY,CLASE B-C,6,2,RF,CLASE B-C,19,5
193,O,7,2,DRY,CLASE B-C,6,2,RF,CLASE B-C,18,5
194,O,7,2,DRY,CLASE B-C,6,2,RF,CLASE B-C,18,5
195,O,7,2,DRY,CLASE B-C,6,2,DRY,CLASE B-C,16,5
196,O,7,2,DRY,CLASE B,6,2,DRY,CLASE B-C,16,5
197,O,7,2,DRY,CLASE B-C,1,2,DRY,CLASE B-C,18,5
198,O,7,2,DRY,CLASE B-C,6,2,DRY,CLASE B-C,9,5
199,O,7,2,DRY,CLASE B-C,6,2,DRY,CLASE B-C,9,5
200,O,7,2,DRY,CLASE B-C,1,1,DRY,CLASE B-C,4,5
201,O,7,2,DRY,CLASE B-C,1,1,DRY,CLASE B-C,5,5
202,O,7,2,DRY,CLASE B-C,1,2,DRY,CLASE B-C,4,5
203,O,7,2,DRY,CLASE B-C,1,2,DRY,CLASE B-C,11,5
204,O,7,2,DRY,CLASE B-C,1,2,DRY,CLASE B-C,10,5
205,O,7,2,DRY,CLASE B-C,1,2,DRY,CLASE B-C,10,5
206,O,7,2,DRY,CLASE B-C,1,2,DRY,CLASE B-C,10,5
207,O,7,2,DRY,CLASE B-C,1,2,DRY,CLASE B-C,10,5
208,O,7,2,DRY,CLASE B-C,6,2,DRY,CLASE B-C,1,5
209,O,7,2,DRY,CLASE B-C,7,2,DRY,CLASE B-C,1,5
210,O,7,2,DRY,CLASE B-C,7,2,DRY,CLASE B-C,1,5
211,O,7,2,DRY,CLASE B-C,7,2,DRY,CLASE B-C,1,5
212,O,7,2,DRY,CLASE B-C,7,2,DRY,CLASE B-C,1,5
213,O,7,2,DRY,CLASE B-C,7,2,DRY,CLASE B-C,1,5
214,O,7,2,DRY,CLASE D,7,2,DRY,CLASE B-C,1,5
215,D,7,2,DRY,CLASE B-C,7,2,DRY,CLASE B-C,1,5
216,O,7,2,DRY,CLASE B-C,7,2,DRY,CLASE B-C,1,5
217,O,7,2,DRY,CLASE B-C,7,2,DRY,CLASE B-C,1,5
218,O,7,2,DRY,CLASE B-C,7,2,DRY,CLASE B-C,1,5
219,O,7,2,DRY,CLASE B-C,7,2,DRY,CLASE B-C,1,5
220,O,7,2,DRY,CLASE B-C,7,2,DRY,CLASE B-C,1,5
221,O,7,2,DRY,CLASE B-C,1,2,DRY,CLASE B-C,6,5
222,O,7,2,DRY,CLASE B-C,1,2,DRY,CLASE B-C,6,5
223,O,7,2,DRY,CLASE B-C,7,2,DRY,CLASE B-C,1,5
224,O,7,2,DRY,CLASE B-C,7,2,DRY,CLASE B-C,1,5
225,O,7,2,DRY,CLASE B-C,7,2,DRY,CLASE B-C,3,5
226,O,7,2,DRY,CLASE B-C,7,2,DRY,CLASE B-C,1,5
227,O,7,2,DRY,CLASE B-C,7,2,DRY,CLASE B-C,1,5
228,O,7,2,DRY,CLASE B-C,7,2,DRY,CLASE B-C,1,5
229,O,7,2,DRY,CLASE B-C,7,2,DRY,CLASE B,1,5
230,O,7,2,DRY,CLASE B-C,7,2,DRY,CLASE B-C,1,5
231,O,7,2,DRY,CLASE B-C,7,2,DRY,CLASE B-C,1,5
232,O,7,2,DRY,CLASE B-C,7,2,DRY,CLASE B-C,1,5
233,O,7,2,DRY,CLASE B-C,7,2,DRY,CLASE B-C,1,5
234,O,7,2,DRY,CLASE B-C,7,2,DRY,CLASE B-C,1,5
235,O,7,2,DRY,CLASE B-C,7,2,DRY,CLASE B-C,1,5
236,O,7,2,DRY,CLASE B-C,7,2,DRY,CLASE B-C,1,5
237,O,7,2,DRY,CLASE B-C,7,2,DRY,CLASE B-C,1,5
238,O,7,2,DRY,CLASE B-C,7,2,DRY,CLASE B-C,1,5
239,D,7,2,DRY,CLASE B-C,7,2,DRY,CLASE B-C,1,5
240,D,7,2,DRY,CLASE B-C,7,2,DRY,CLASE B-C,1,5
241,O,7,2,DRY,CLASE D,7,2,DRY,CLASE B-C,1,5
242,O,7,2,DRY,CLASE B-C,7,2,DRY,CLASE B-C,1,5
243,O,7,2,DRY,CLASE B-C,7,2,DRY,CLASE B-C,1,5
244,O,7,2,DRY,CLASE B-C,7,2,DRY,CLASE B-C,1,5
245,O,7,2,DRY,CLASE B-C,7,2,DRY,CLASE B-C,1,5
246,O,7,2,DRY,CLASE B-C,7,2,DRY,CLASE B-C,1,5
247,O,7,2,DRY,CLASE B-C,7,2,DRY,CLASE B-C,1,5
248,O,7,2,DRY,CLASE B-C,7,2,DRY,CLASE B-C,1,5
249,O,7,2,DRY,CLASE B-C,7,2,DRY,CLASE B-C,1,5
250,O,7,2,DRY,CLASE B-C,7,2,DRY,CLASE B-C,1,5
251,O,7,2,DRY,CLASE B-C,7,2,DRY,CLASE B-C,1,5
252,O,7,2,DRY,CLASE B-C,6,2,DRY,CLASE B-C,1,5
253,I,7,2,DRY,INSPECTION,6,2,DRY,CLASE B-C,1,5
254,O,7,2,DRY,CLASE B,1,1,DRY,CLASE D,61,5
255,O,7,2,DRY,CLASE B-C,1,1,DRY,CLASE D,112,5
256,O,7,2,DRY,CLASE B-C,1,1,DRY,CLASE D,81,5
257,O,7,2,DRY,CLASE B-C,1,1,DRY,CLASE B-C,86,5
258,O,7,2,DRY,CLASE B-C,1,1,DRY,CLASE D,81,5
259,O,7,2,DRY,CLASE B-C,1,1,DRY,CLASE B-C,83,5
260,O,7,2,DRY,CLASE B-C,1,1,DRY,CLASE B-C,83,5
261,O,7,2,DRY,CLASE B-C,1,1,DRY,CLASE B-C,83,5
262,O,7,2,DRY,CLASE B-C,7,1,DRY,CLASE D,76,5
263,D,7,2,DRY,CLASE B-C,7,1,DRY,CLASE D,76,5
264,O,7,2,DRY,CLASE B-C,1,1,DRY,CLASE B-C,76,5
265,O,7,2,DRY,CLASE B-C,1,1,DRY,CLASE D,77,5
266,O,7,2,DRY,CLASE B-C,1,1,DRY,CLASE D,77,5
267,O,7,2,DRY,CLASE B-C,1,1,DRY,CLASE B-C,77,5
268,D,7,2,DRY,CLASE A,1,1,DRY,CLASE D,77,5
269,D,7,2,DRY,CLASE B-C,1,1,DRY,CLASE B-C,57,5
270,O,7,2,DRY,CLASE B-C,1,1,DRY,CLASE B-C,57,5
271,O,7,2,DRY,CLASE B-C,1,1,DRY,CLASE B-C,58,5
272,O,7,2,DRY,CLASE B-C,1,1,DRY,CLASE B-C,58,5
273,O,7,2,DRY,CLASE B-C,1,1,DRY,CLASE B-C,57,5
274,O,7,2,DRY,CLASE B-C,1,1,DRY,CLASE B-C,58,5
275,O,7,2,DRY,CLASE B-C,1,1,DRY,CLASE B-C,58,5
276,D,7,2,DRY,CLASE B-C,1,1,DRY,CLASE B-C,58,5
277,D,7,2,DRY,CLASE B-C,1,1,DRY,CLASE B-C,58,5
278,O,7,2,DRY,CLASE B-C,1,1,DRY,CLASE B-C,58,5
279,O,7,2,DRY,CLASE B-C,1,1,DRY,CLASE D,57,5
280,O,7,2,DRY,CLASE B-C,1,1,DRY,CLASE B-C,56,5
281,O,7,2,DRY,CLASE B-C,1,1,DRY,CLASE B-C,56,5
282,O,7,2,DRY,CLASE B-C,1,1,DRY,CLASE D,56,5
283,O,7,2,DRY,CLASE B-C,1,1,DRY,CLASE B-C,56,5
284,O,7,2,DRY,CLASE B-C,1,1,DRY,CLASE B-C,55,5
285,O,7,2,DRY,CLASE B-C,1,1,DRY,CLASE D,55,5
286,O,7,2,DRY,CLASE B-C,1,1,DRY,CLASE B-C,54,5
287,O,7,2,DRY,CLASE B-C,4,2,DRY,CLASE B-C,61,5
288,D,7,2,DRY,CLASE D,6,2,RF,CLASE B-C,53,5
289,D,7,2,DRY,CLASE B-C,7,2,RF,CLASE B-C,53,5
290,D,7,2,DRY,CLASE B-C,1,2,DRY,CLASE B-C,41,5
291,O,7,2,DRY,CLASE B-C,7,1,DRY,CLASE B-C,39,5
292,O,7,2,DRY,CLASE B-C,6,2,DRY,CLASE B-C,44,5
293,O,7,2,DRY,CLASE B-C,6,2,DRY,CLASE B-C,1,5
294,D,7,2,DRY,CLASE B-C,6,2,DRY,CLASE B-C,1,5
295,O,7,2,DRY,CLASE B-C,6,2,DRY,CLASE B-C,44,5
296,I,7,2,DRY,INSPECTION,6,2,DRY,CLASE B-C,1,5
297,O,7,2,DRY,CLASE B-C,6,2,DRY,CLASE B-C,44,5
298,O,7,2,DRY,CLASE B-C,6,2,DRY,CLASE B-C,44,5
299,O,7,2,DRY,CLASE B-C,6,2,DRY,CLASE B-C,44,5
300,O,7,2,DRY,CLASE B-C,6,2,DRY,CLASE B-C,44,5
301,O,7,2,DRY,CLASE B-C,6,2,DRY,CLASE B-C,44,5
302,O,7,2,DRY,CLASE B-C,6,2,DRY,CLASE B-C,1,5
303,O,7,2,DRY,CLASE B-C,6,2,RF,CLASE B-C,36,5
304,O,7,2,DRY,CLASE B-C,6,2,DRY,CLASE A,44,5
305,D,7,2,DRY,CLASE B-C,6,2,DRY,CLASE B,1,5
306,O,7,2,DRY,CLASE B-C,6,2,DRY,CLASE B-C,1,5
307,O,7,2,DRY,CLASE B-C,6,2,DRY,CLASE A,44,5
308,O,7,2,DRY,CLASE B-C,6,2,DRY,CLASE B-C,1,5
309,O,7,2,DRY,CLASE B-C,6,2,DRY,CLASE B-C,42,5
310,O,7,2,DRY,CLASE B-C,6,2,DRY,CLASE B-C,1,5
311,O,7,2,DRY,CLASE B,6,2,DRY,CLASE B-C,44,5
312,O,7,2,DRY,CLASE B,6,2,DRY,CLASE B-C,44,5
313,O,7,2,DRY,CLASE B-C,6,2,DRY,CLASE B-C,44,5
314,O,7,2,DRY,CLASE B-C,6,2,DRY,CLASE B-C,44,5
315,D,7,2,DRY,CLASE B,6,2,DRY,CLASE B-C,44,5
316,O,7,2,DRY,CLASE B-C,6,2,DRY,CLASE B-C,44,5
317,O,7,2,DRY,CLASE B-C,7,1,DRY,CLASE B-C,42,5
318,O,7,2,DRY,CLASE B-C,7,1,DRY,INSPECTION,11,5
319,O,7,2,DRY,CLASE B-C,7,1,DRY,CLASE B-C,6,5
320,O,7,2,DRY,CLASE A,7,1,DRY,CLASE B-C,6,5
321,O,7,2,DRY,CLASE B,7,1,DRY,INSPECTION,37,5
322,O,7,2,DRY,CLASE A,7,1,DRY,CLASE D,34,5
323,O,7,2,DRY,CLASE A,7,1,DRY,INSPECTION,32,5
324,O,7,2,DRY,CLASE A,4,2,RF,CLASE B-C,38,5
325,O,7,2,DRY,CLASE B-C,2,2,DRY,CLASE A,33,5
326,O,7,2,DRY,CLASE B,2,2,DRY,INSPECTION,34,5
327,O,7,2,DRY,CLASE B,5,2,DRY,INSPECTION,38,5
328,O,7,2,DRY,CLASE B-C,7,1,DRY,CLASE B-C,32,5
329,O,7,2,DRY,CLASE B,7,1,DRY,CLASE B-C,32,5
330,O,7,2,DRY,CLASE B-C,7,1,DRY,INSPECTION,32,5
331,O,7,2,DRY,CLASE B,7,1,DRY,CLASE D,22,5
332,O,7,2,DRY,CLASE B-C,7,1,DRY,INSPECTION,32,5
333,O,7,2,DRY,CLASE B-C,7,1,DRY,CLASE B-C,32,5
334,O,7,2,DRY,CLASE B-C,6,2,DRY,CLASE B-C,29,5
335,O,7,2,DRY,CLASE B-C,1,2,RF,CLASE B-C,31,5
336,O,7,2,DRY,CLASE B-C,2,2,DRY,CLASE A,29,5
337,O,7,2,DRY,CLASE B-C,2,2,DRY,CLASE B-C,29,5
338,O,7,2,DRY,INSPECTION,2,2,DRY,CLASE B-C,31,5
339,O,7,2,DRY,CLASE B-C,2,2,DRY,CLASE A,28,5
340,O,7,2,DRY,CLASE B-C,2,2,DRY,CLASE A,28,5
341,O,7,2,DRY,CLASE B-C,2,2,DRY,CLASE A,28,5
342,O,7,2,DRY,CLASE B-C,2,2,DRY,CLASE A,28,5
343,O,7,2,DRY,CLASE B-C,2,2,DRY,CLASE B-C,27,5
344,O,7,2,DRY,CLASE B-C,2,2,DRY,CLASE B-C,28,5
345,O,7,2,DRY,CLASE B-C,2,2,DRY,CLASE B-C,28,5
346,O,7,2,DRY,CLASE B-C,2,2,DRY,CLASE B-C,28,5
347,O,7,2,DRY,CLASE B-C,5,2,DRY,INSPECTION,31,5
348,O,7,2,DRY,CLASE B-C,3,2,DRY,CLASE B-C,25,5
349,O,7,2,DRY,CLASE B-C,3,2,DRY,CLASE A,18,5
350,O,7,2,DRY,CLASE B-C,3,2,DRY,CLASE A,1,5
351,O,7,2,DRY,CLASE B-C,9,2,DRY,CLASE B-C,2,5
352,O,7,2,DRY,CLASE B-C,2,2,DRY,INSPECTION,21,5
353,O,7,2,DRY,CLASE B-C,2,2,DRY,CLASE B-C,21,5
354,O,7,2,DRY,CLASE B-C,5,2,DRY,CLASE B-C,22,5
355,O,7,2,DRY,CLASE B-C,5,2,DRY,CLASE B-C,22,5
356,O,7,2,DRY,CLASE B-C,1,2,RF,CLASE B-C,22,5
357,D,7,2,DRY,CLASE B-C,1,1,DRY,INSPECTION,19,5
358,O,7,2,DRY,CLASE B-C,1,2,RF,CLASE B-C,18,5
359,O,7,2,DRY,CLASE B-C,1,2,DRY,CLASE B-C,21,5
360,O,7,2,DRY,CLASE B-C,1,2,RF,CLASE B-C,22,5
361,O,7,2,DRY,CLASE B-C,6,2,DRY,CLASE B-C,20,5
362,O,7,2,DRY,CLASE B-C,6,2,RF,CLASE B-C,19,5
363,O,7,2,DRY,CLASE B-C,6,2,DRY,CLASE B-C,16,5
364,O,7,2,DRY,CLASE B-C,6,2,DRY,CLASE B-C,16,5
365,O,7,2,DRY,CLASE B-C,6,2,DRY,CLASE B-C,16,5
366,O,7,2,DRY,CLASE B-C,6,2,DRY,CLASE B-C,15,5
367,O,7,2,DRY,CLASE B-C,6,2,DRY,CLASE B-C,16,5
368,O,7,2,DRY,CLASE B-C,6,2,DRY,CLASE B-C,16,5
369,D,7,2,DRY,CLASE B-C,6,2,DRY,CLASE B-C,20,5
370,D,7,2,DRY,CLASE B-C,6,2,DRY,CLASE B-C,16,5
371,O,7,2,DRY,CLASE B-C,6,2,DRY,CLASE B-C,20,5
372,O,7,2,DRY,CLASE B-C,6,2,DRY,CLASE B-C,20,5
373,O,7,2,DRY,CLASE B-C,6,2,DRY,CLASE B-C,20,5
374,O,7,2,DRY,CLASE B-C,6,2,DRY,CLASE B-C,20,5
375,O,7,2,DRY,CLASE B-C,6,2,DRY,CLASE B-C,16,5
376,O,7,2,DRY,CLASE B-C,6,2,DRY,CLASE B-C,20,5
377,O,7,2,DRY,CLASE B-C,6,2,DRY,CLASE B-C,16,5
378,O,7,2,DRY,CLASE B-C,6,2,DRY,CLASE B-C,16,5
379,O,7,2,DRY,CLASE B-C,6,2,DRY,CLASE B-C,16,5
380,O,7,2,DRY,CLASE B-C,6,2,DRY,CLASE B-C,15,5
381,O,7,2,DRY,CLASE B-C,6,2,RF,CLASE B-C,20,5
382,D,7,2,DRY,CLASE B-C,6,2,RF,CLASE B-C,18,5
383,O,7,2,DRY,CLASE B-C,6,2,RF,CLASE B-C,18,5
384,O,7,2,DRY,CLASE B-C,6,2,DRY,CLASE B-C,16,5
385,D,7,2,DRY,CLASE B-C,6,2,DRY,CLASE B-C,20,5
386,O,7,2,DRY,CLASE B-C,6,2,DRY,CLASE B-C,20,5
387,O,7,2,DRY,CLASE B-C,6,2,DRY,CLASE B-C,15,5
388,O,7,2,DRY,CLASE B-C,6,2,DRY,CLASE B-C,20,5
389,O,7,2,DRY,CLASE B-C,6,2,DRY,CLASE B-C,20,5
390,O,7,2,DRY,CLASE B-C,6,2,DRY,CLASE B-C,16,5
391,O,7,2,DRY,CLASE B-C,6,2,DRY,CLASE B-C,16,5
392,O,7,2,DRY,CLASE B-C,6,2,DRY,CLASE B-C,16,5
393,O,7,2,DRY,CLASE B-C,6,2,DRY,CLASE B-C,16,5
394,O,7,2,DRY,CLASE B-C,6,2,DRY,CLASE B-C,16,5
395,O,7,2,DRY,CLASE B-C,6,2,DRY,CLASE B-C,16,5
396,O,7,2,DRY,CLASE B-C,6,2,DRY,CLASE B-C,20,5
397,O,7,2,DRY,CLASE B-C,6,2,DRY,CLASE B-C,16,5
398,O,7,2,DRY,CLASE B-C,6,2,DRY,CLASE B-C,20,5
399,O,7,2,DRY,CLASE B-C,6,2,DRY,CLASE B-C,19,5
400,O,7,2,DRY,CLASE B-C,6,2,DRY,CLASE B-C,20,5
401,O,7,2,DRY,CLASE B-C,6,2,DRY,CLASE B-C,16,5
402,O,7,2,DRY,CLASE B-C,6,2,DRY,CLASE B-C,19,5
403,O,7,2,DRY,CLASE B-C,6,2,DRY,CLASE B-C,18,5
404,O,7,2,DRY,CLASE B-C,3,1,DRY,CLASE B-C,12,5
405,O,7,2,DRY,CLASE D,6,2,DRY,CLASE B-C,9,5
406,D,7,2,DRY,CLASE B-C,6,2,DRY,CLASE B-C,9,5
407,O,7,2,DRY,CLASE B-C,6,2,DRY,CLASE B-C,9,5
408,D,7,2,DRY,CLASE B-C,6,2,DRY,CLASE B-C,9,5
409,O,7,2,DRY,CLASE B-C,6,2,DRY,CLASE B-C,9,5
410,D,7,2,DRY,CLASE B-C,6,2,DRY,CLASE B-C,9,5
411,O,7,2,DRY,CLASE B-C,6,2,DRY,CLASE B-C,9,5
412,I,7,2,DRY,INSPECTION,6,2,DRY,CLASE B-C,9,5
413,D,7,2,DRY,CLASE B-C,6,2,DRY,CLASE B-C,9,5
414,O,7,2,DRY,CLASE B-C,7,1,DRY,INSPECTION,8,5
415,D,7,2,DRY,CLASE B-C,9,2,DRY,CLASE B-C,6,5
416,O,7,2,DRY,CLASE B-C,9,2,DRY,CLASE B-C,6,5
417,O,7,2,DRY,CLASE B-C,9,2,DRY,CLASE B-C,6,5
418,O,7,2,DRY,CLASE B-C,9,2,DRY,CLASE B-C,6,5
419,O,7,2,DRY,CLASE B-C,9,2,DRY,CLASE B-C,7,5
420,O,7,2,DRY,CLASE B-C,1,1,DRY,CLASE B-C,9,5
421,O,7,2,DRY,CLASE B-C,1,1,DRY,CLASE B-C,5,5
422,O,7,2,DRY,CLASE B-C,1,1,DRY,CLASE B-C,8,5
423,O,7,2,DRY,CLASE B-C,1,1,DRY,CLASE B-C,4,5
424,D,7,2,DRY,CLASE B-C,1,1,DRY,CLASE B-C,9,5
425,O,7,2,DRY,CLASE B,1,1,DRY,CLASE B-C,8,5
426,O,7,2,DRY,CLASE B-C,1,1,DRY,CLASE B-C,9,5
427,O,7,2,DRY,CLASE B-C,1,2,DRY,CLASE B-C,10,5
428,D,7,2,DRY,CLASE B-C,7,2,RF,CLASE B-C,3,5
429,O,7,2,DRY,CLASE B-C,7,2,DRY,CLASE B-C,1,5
430,O,7,2,DRY,CLASE B-C,7,2,DRY,CLASE B-C,1,5
431,O,7,2,DRY,CLASE B-C,7,2,DRY,CLASE B-C,1,5
432,O,7,2,DRY,CLASE B-C,7,2,DRY,CLASE B-C,1,5
433,O,7,2,DRY,CLASE B-C,7,2,DRY,CLASE B-C,1,5
434,O,7,2,DRY,CLASE D,7,2,DRY,CLASE B-C,1,5
435,O,7,2,DRY,CLASE B-C,7,2,DRY,CLASE B-C,1,5
436,O,7,2,DRY,CLASE B-C,7,2,DRY,CLASE B-C,1,5
437,O,7,2,DRY,CLASE B-C,7,2,DRY,CLASE B-C,1,5
438,O,7,2,DRY,CLASE D,7,2,DRY,CLASE B-C,1,5
439,O,7,2,DRY,CLASE B-C,7,2,DRY,CLASE B-C,1,5
440,O,7,2,DRY,CLASE B-C,7,2,DRY,CLASE B-C,1,5
441,O,7,2,DRY,CLASE B-C,7,2,DRY,CLASE B-C,2,5
442,O,7,2,DRY,CLASE B-C,7,2,DRY,CLASE B-C,1,5
443,O,7,2,DRY,CLASE B-C,7,2,DRY,CLASE B-C,2,5
444,O,7,2,DRY,CLASE B-C,7,2,DRY,CLASE B-C,2,5
445,O,7,2,DRY,CLASE B-C,7,2,DRY,CLASE B-C,1,5
446,O,7,2,DRY,CLASE B-C,7,2,DRY,CLASE B-C,2,5
447,O,7,2,DRY,CLASE B-C,7,2,DRY,CLASE B-C,2,5
448,O,7,2,DRY,CLASE B-C,7,2,DRY,CLASE B-C,1,5
449,O,7,2,DRY,CLASE B-C,7,2,DRY,CLASE B-C,2,5
450,O,7,2,DRY,CLASE B-C,7,2,DRY,CLASE B-C,1,5
451,O,7,2,DRY,CLASE B-C,7,2,DRY,CLASE B-C,2,5
452,O,7,2,DRY,CLASE B-C,7,2,DRY,CLASE B-C,1,5
453,O,7,2,DRY,CLASE B-C,7,2,DRY,CLASE B,2,5
454,O,7,2,DRY,CLASE B-C,7,2,DRY,CLASE B-C,1,5
455,O,7,2,DRY,CLASE B-C,7,2,DRY,CLASE B-C,1,5
456,O,7,2,DRY,CLASE B-C,7,2,DRY,CLASE A,1,5
457,O,7,2,DRY,CLASE B-C,7,2,DRY,CLASE B,1,5
458,O,7,2,DRY,CLASE B-C,7,2,DRY,CLASE A,1,5
459,O,7,2,DRY,CLASE B,7,2,DRY,CLASE A,1,5
460,O,7,2,DRY,CLASE B-C,7,2,DRY,CLASE A,1,5
461,O,6,2,DRY,CLASE B-C,7,2,DRY,CLASE B-C,1,5
462,D,6,2,DRY,CLASE B-C,7,2,DRY,CLASE B,1,5
463,O,6,2,DRY,CLASE B-C,7,2,DRY,CLASE B,1,5
464,O,6,2,DRY,CLASE B-C,7,2,DRY,CLASE B-C,2,5
465,D,6,2,DRY,CLASE B-C,7,2,DRY,CLASE B-C,2,5
466,O,6,2,DRY,CLASE B-C,7,2,DRY,CLASE B-C,2,5
467,D,1,2,DRY,CLASE B-C,7,2,DRY,CLASE B-C,1,5
468,O,6,2,DRY,CLASE B-C,7,2,DRY,INSPECTION,1,5
469,D,6,2,DRY,CLASE B-C,7,2,DRY,CLASE B-C,1,5
470,O,6,2,DRY,CLASE B-C,7,2,DRY,CLASE B-C,1,5
471,D,1,2,DRY,CLASE D,7,2,DRY,CLASE B-C,1,5
472,I,1,2,DRY,CLASE D,7,2,DRY,CLASE B-C,2,5
473,D,1,2,DRY,CLASE B-C,7,2,DRY,CLASE B-C,2,5
474,D,1,2,DRY,CLASE D,7,2,DRY,CLASE B-C,2,5
475,D,1,2,DRY,CLASE D,7,2,DRY,CLASE B-C,2,5
476,D,1,2,DRY,CLASE D,7,2,DRY,CLASE B-C,1,5
477,O,6,2,DRY,CLASE B-C,7,2,DRY,CLASE B-C,1,5
478,O,6,2,DRY,CLASE B-C,7,2,DRY,CLASE B-C,2,5
479,O,6,2,DRY,CLASE B-C,7,2,DRY,CLASE B-C,1,5
480,O,6,2,DRY,CLASE B-C,7,2,DRY,CLASE B-C,2,5
481,D,6,2,DRY,CLASE B-C,7,2,DRY,CLASE B-C,2,5
482,O,6,2,DRY,CLASE B-C,7,2,RF,CLASE B-C,3,5
483,O,6,2,DRY,CLASE B-C,7,2,DRY,CLASE B-C,2,5
484,D,6,2,DRY,CLASE B-C,7,2,DRY,CLASE B-C,2,5
485,O,2,2,DRY,CLASE B-C,7,2,DRY,CLASE B-C,1,5
486,D,6,2,DRY,CLASE B-C,7,2,DRY,CLASE B-C,2,5
487,O,6,2,DRY,CLASE B-C,7,2,DRY,CLASE B-C,2,5
488,D,10,2,DRY,CLASE D,7,2,DRY,CLASE B-C,1,5
489,D,10,2,DRY,CLASE D,7,2,DRY,CLASE B-C,2,5
490,O,10,2,DRY,CLASE B-C,7,2,DRY,CLASE B-C,2,5
491,D,10,2,DRY,CLASE B-C,7,2,DRY,CLASE D,1,5
492,D,10,2,DRY,CLASE B-C,7,2,DRY,CLASE B-C,1,5
493,D,10,2,DRY,CLASE B-C,7,2,DRY,CLASE B-C,2,5
494,O,6,2,DRY,CLASE B-C,7,2,DRY,CLASE B-C,1,5
495,O,6,2,DRY,CLASE B-C,7,2,DRY,CLASE B-C,2,5
496,O,6,2,DRY,CLASE B-C,7,2,DRY,CLASE B-C,1,5
497,D,1,2,DRY,CLASE D,7,2,DRY,CLASE B-C,2,5
498,D,1,2,DRY,CLASE D,7,2,DRY,CLASE D,1,5
499,D,1,2,DRY,CLASE D,7,2,DRY,CLASE B-C,2,5
500,D,1,2,DRY,CLASE D,7,2,DRY,CLASE B-C,2,5
501,O,6,2,RF,CLASE B-C,7,2,DRY,CLASE B-C,1,5
502,D,1,2,DRY,CLASE B-C,7,2,DRY,CLASE B-C,2,5
503,I,1,2,DRY,INSPECTION,7,2,DRY,CLASE B-C,1,5
504,D,1,2,DRY,CLASE D,7,2,DRY,CLASE B-C,2,5
505,D,1,2,DRY,CLASE B-C,7,2,DRY,CLASE B-C,2,5
506,I,1,2,DRY,INSPECTION,7,2,DRY,CLASE B-C,2,5
507,D,1,2,DRY,CLASE B-C,7,2,DRY,CLASE B-C,1,5
508,D,1,2,DRY,CLASE D,6,2,DRY,CLASE B-C,3,5
509,D,1,2,DRY,CLASE D,6,2,DRY,CLASE B-C,4,5
510,O,1,2,DRY,CLASE B-C,2,1,DRY,INSPECTION,76,5
511,D,6,2,DRY,CLASE B-C,2,2,RF,INSPECTION,79,5
512,D,1,2,DRY,CLASE D,1,1,DRY,INSPECTION,72,5
513,O,6,2,DRY,CLASE B-C,1,1,DRY,INSPECTION,72,5
514,O,6,2,DRY,CLASE B-C,1,2,DRY,CLASE B-C,73,5
515,O,6,2,DRY,CLASE B-C,1,2,RF,INSPECTION,77,5
516,O,6,2,DRY,CLASE B-C,3,2,DRY,CLASE B-C,76,5
517,D,6,2,DRY,CLASE B-C,3,2,DRY,CLASE B-C,76,5
518,O,6,2,DRY,CLASE B-C,1,2,DRY,CLASE B-C,71,5
519,O,6,2,DRY,CLASE B-C,1,1,DRY,INSPECTION,64,5
520,O,6,2,DRY,CLASE B-C,1,1,DRY,INSPECTION,61,5
521,O,6,2,RF,CLASE B-C,1,1,DRY,CLASE B-C,64,5
522,I,6,2,RF,CLASE B-C,1,1,DRY,INSPECTION,59,5
523,O,6,2,RF,CLASE B-C,1,2,DRY,CLASE B-C,62,5
524,D,6,2,RF,CLASE B-C,1,1,DRY,INSPECTION,62,5
525,O,6,2,RF,CLASE B-C,1,1,DRY,INSPECTION,63,5
526,I,6,2,RF,INSPECTION,1,1,DRY,INSPECTION,62,5
527,D,6,2,RF,CLASE B-C,1,2,DRY,CLASE B-C,63,5
528,I,6,2,RF,CLASE B-C,1,2,DRY,CLASE B-C,63,5
529,I,6,2,RF,CLASE B-C,1,2,DRY,CLASE B-C,62,5
530,D,6,2,RF,CLASE B-C,1,2,DRY,CLASE B-C,62,5
531,O,6,2,DRY,CLASE B-C,4,2,DRY,CLASE B-C,60,5
532,O,6,2,DRY,CLASE B-C,4,2,DRY,CLASE B-C,60,5
533,O,6,2,DRY,CLASE B-C,2,1,DRY,INSPECTION,44,5
534,D,6,2,DRY,CLASE B-C,1,1,DRY,INSPECTION,63,5
535,D,6,2,DRY,CLASE B-C,6,2,DRY,CLASE B-C,60,5
536,O,6,2,DRY,CLASE B-C,1,1,DRY,INSPECTION,55,5
537,O,6,2,DRY,CLASE B-C,1,1,DRY,INSPECTION,55,5
538,O,6,2,DRY,CLASE B-C,1,1,DRY,INSPECTION,55,5
539,O,6,2,DRY,CLASE B-C,1,1,DRY,INSPECTION,58,5
540,O,6,2,DRY,CLASE B-C,1,1,DRY,INSPECTION,55,5
541,D,6,2,RF,CLASE B-C,1,1,DRY,INSPECTION,55,5
542,O,6,2,RF,CLASE B-C,1,1,DRY,INSPECTION,58,5
543,O,6,2,RF,CLASE B-C,1,1,DRY,INSPECTION,55,5
544,O,6,2,DRY,CLASE B-C,2,1,DRY,CLASE B-C,56,5
545,D,6,2,RF,CLASE B-C,2,1,DRY,INSPECTION,56,5
546,O,6,2,DRY,CLASE B-C,2,2,DRY,INSPECTION,47,5
547,D,6,2,DRY,CLASE B-C,2,1,DRY,CLASE B-C,56,5
548,D,6,2,RF,CLASE B-C,2,1,DRY,INSPECTION,56,5
549,I,6,2,RF,CLASE B-C,2,1,DRY,INSPECTION,56,5
550,D,6,2,RF,CLASE B-C,2,1,DRY,INSPECTION,57,5
551,O,6,2,DRY,CLASE B-C,4,2,DRY,CLASE B-C,61,5
552,D,6,2,DRY,CLASE B-C,4,2,DRY,CLASE B-C,61,5
553,O,6,2,DRY,CLASE B-C,4,2,DRY,CLASE B-C,62,5
554,D,6,2,DRY,CLASE B-C,4,2,DRY,CLASE B-C,62,5
555,O,6,2,DRY,CLASE B-C,4,2,DRY,CLASE B-C,63,5
556,D,6,2,DRY,CLASE B-C,4,2,DRY,CLASE B-C,63,5
557,O,6,2,DRY,CLASE B-C,4,2,DRY,CLASE B-C,61,5
558,O,6,2,DRY,CLASE B-C,4,2,DRY,CLASE B-C,61,5
559,O,6,2,DRY,CLASE B-C,4,2,DRY,CLASE B-C,63,5
560,O,6,2,DRY,CLASE B-C,4,2,DRY,CLASE B-C,61,5
561,D,6,2,DRY,CLASE B-C,4,2,DRY,CLASE B-C,61,5
562,O,6,2,DRY,CLASE B-C,4,2,DRY,CLASE B-C,61,5
563,O,6,2,DRY,CLASE B-C,4,2,DRY,CLASE B-C,62,5
564,O,6,2,DRY,CLASE B-C,4,2,DRY,CLASE B-C,62,5
565,O,6,2,DRY,CLASE B-C,4,2,DRY,CLASE B-C,62,5
566,D,6,2,DRY,CLASE B-C,4,2,DRY,CLASE B-C,62,5
567,O,6,2,DRY,CLASE B-C,4,2,DRY,CLASE B-C,61,5
568,O,6,2,RF,CLASE B-C,4,2,DRY,CLASE B-C,61,5
569,O,6,2,RF,CLASE B-C,6,2,RF,CLASE B-C,50,5
570,O,6,2,RF,CLASE B-C,1,2,DRY,CLASE B-C,50,5
571,D,6,2,RF,CLASE B-C,1,2,DRY,CLASE B-C,42,5
572,D,6,2,RF,CLASE B-C,1,2,DRY,CLASE B-C,49,5
573,D,6,2,DRY,CLASE B-C,1,2,DRY,CLASE B-C,49,5
574,O,6,2,DRY,CLASE B-C,1,2,DRY,CLASE B-C,50,5
575,O,6,2,DRY,CLASE B-C,2,2,DRY,CLASE B-C,53,5
576,D,6,2,RF,CLASE B-C,2,1,DRY,INSPECTION,48,5
577,D,6,2,RF,CLASE B-C,2,1,DRY,INSPECTION,50,5
578,D,6,2,RF,CLASE B-C,2,1,DRY,INSPECTION,51,5
579,D,6,2,RF,CLASE B-C,2,1,DRY,INSPECTION,51,5
580,D,6,2,RF,CLASE B-C,2,1,DRY,INSPECTION,51,5
581,O,6,2,RF,CLASE B-C,2,2,DRY,INSPECTION,49,5
582,D,6,2,RF,CLASE B-C,2,2,DRY,INSPECTION,43,5
583,O,6,2,RF,INSPECTION,2,2,DRY,INSPECTION,49,5
584,D,6,2,RF,CLASE B-C,2,1,DRY,INSPECTION,50,5
585,D,6,2,RF,CLASE B-C,2,1,DRY,INSPECTION,49,5
586,D,6,2,RF,CLASE B-C,2,1,DRY,INSPECTION,51,5
587,O,6,2,RF,CLASE B-C,2,2,DRY,INSPECTION,45,5
588,O,6,2,RF,CLASE B-C,2,2,DRY,INSPECTION,54,5
589,O,6,2,RF,CLASE B-C,2,1,DRY,INSPECTION,50,5
590,I,6,2,RF,CLASE B-C,2,2,DRY,INSPECTION,55,5
591,O,6,2,DRY,CLASE B-C,2,1,DRY,INSPECTION,50,5
592,O,6,2,RF,CLASE B-C,2,1,DRY,INSPECTION,50,5
593,D,6,2,RF,CLASE B-C,2,2,DRY,INSPECTION,43,5
594,I,6,2,RF,CLASE B-C,7,2,RF,CLASE B-C,51,5
595,D,6,2,DRY,CLASE B-C,7,2,RF,CLASE B-C,53,5
596,O,6,2,DRY,CLASE B-C,7,2,RF,CLASE B-C,51,5
597,O,6,2,DRY,CLASE B-C,7,2,RF,CLASE B-C,51,5
598,O,6,2,DRY,CLASE B-C,3,2,DRY,CLASE B-C,49,5
599,O,6,2,DRY,CLASE B-C,1,2,DRY,CLASE B-C,50,5
600,O,6,2,DRY,CLASE B-C,1,2,DRY,CLASE B-C,50,5
601,O,6,2,DRY,CLASE B-C,1,2,DRY,CLASE B-C,50,5
602,O,6,2,DRY,CLASE B-C,2,2,DRY,INSPECTION,48,5
603,O,6,2,DRY,CLASE B-C,2,2,DRY,INSPECTION,43,5
604,O,6,2,DRY,CLASE B,2,2,DRY,INSPECTION,48,5
605,O,6,2,DRY,CLASE B-C,2,1,DRY,INSPECTION,41,5
606,O,6,2,DRY,CLASE B-C,2,2,DRY,INSPECTION,48,5
607,O,6,2,DRY,CLASE B-C,2,2,DRY,INSPECTION,48,5
608,O,6,2,DRY,CLASE B-C,2,1,DRY,INSPECTION,41,5
609,O,6,2,DRY,CLASE B-C,2,1,DRY,INSPECTION,42,5
610,D,6,2,DRY,CLASE B-C,2,1,DRY,INSPECTION,41,5
611,O,6,2,DRY,CLASE B-C,2,2,DRY,INSPECTION,47,5
612,D,6,2,DRY,CLASE B-C,1,1,DRY,INSPECTION,34,5
613,O,6,2,DRY,CLASE B-C,6,2,DRY,CLASE B-C,44,5
614,O,6,2,DRY,CLASE B-C,6,2,DRY,CLASE B-C,44,5
615,O,6,2,DRY,CLASE B-C,6,2,DRY,CLASE B-C,44,5
616,I,6,2,DRY,INSPECTION,6,2,RF,CLASE B-C,37,5
617,O,6,2,DRY,CLASE B-C,6,2,DRY,CLASE B-C,44,5
618,O,6,2,DRY,CLASE B-C,6,2,DRY,CLASE B-C,44,5
619,O,6,2,DRY,CLASE B-C,6,2,DRY,CLASE B-C,44,5
620,D,6,2,DRY,CLASE B-C,6,2,RF,CLASE B-C,37,5
621,O,6,2,DRY,CLASE B-C,6,2,RF,CLASE B-C,37,5
622,O,6,2,DRY,CLASE B-C,6,2,RF,CLASE B-C,37,5
623,D,6,2,DRY,CLASE B-C,6,2,DRY,CLASE B-C,44,5
624,O,6,2,DRY,CLASE B-C,6,2,DRY,CLASE B-C,1,5
625,O,6,2,DRY,CLASE B-C,6,2,RF,CLASE B-C,40,5
626,D,6,2,DRY,CLASE B-C,4,2,DRY,INSPECTION,45,5
627,O,6,2,RF,CLASE B-C,2,1,DRY,INSPECTION,34,5
628,D,6,2,RF,CLASE B-C,2,2,DRY,CLASE B-C,31,5
629,D,6,2,DRY,CLASE D,2,2,DRY,CLASE B-C,40,5
630,O,6,2,DRY,CLASE B-C,2,1,DRY,INSPECTION,34,5
631,I,6,2,RF,INSPECTION,2,2,DRY,INSPECTION,31,5
632,D,6,2,RF,CLASE B-C,2,2,DRY,INSPECTION,40,5
633,O,6,2,DRY,CLASE B-C,2,2,DRY,INSPECTION,31,5
634,O,6,2,DRY,CLASE B-C,2,1,DRY,INSPECTION,37,5
635,O,6,2,RF,CLASE B-C,2,2,DRY,INSPECTION,33,5
636,O,6,2,RF,CLASE B-C,2,2,DRY,INSPECTION,39,5
637,D,6,2,RF,CLASE B-C,2,1,DRY,INSPECTION,34,5
638,I,6,2,RF,CLASE B-C,2,1,DRY,INSPECTION,33,5
639,O,6,2,RF,CLASE B-C,2,2,DRY,INSPECTION,31,5
640,D,6,2,RF,CLASE B-C,2,2,DRY,INSPECTION,40,5
641,O,6,2,DRY,CLASE B-C,2,1,DRY,INSPECTION,27,5
642,D,6,2,RF,CLASE B-C,2,1,DRY,INSPECTION,27,5
643,O,6,2,DRY,CLASE B-C,2,1,DRY,INSPECTION,27,5
644,O,6,2,DRY,CLASE B-C,2,2,DRY,INSPECTION,36,5
645,D,6,2,DRY,CLASE B-C,2,1,DRY,INSPECTION,27,5
646,O,6,2,DRY,CLASE B-C,2,2,DRY,INSPECTION,35,5
647,O,6,2,DRY,CLASE B-C,2,1,DRY,INSPECTION,33,5
648,I,6,2,RF,CLASE B-C,2,1,DRY,INSPECTION,33,5
649,O,6,2,DRY,CLASE B-C,2,1,DRY,INSPECTION,33,5
650,D,6,2,RF,CLASE B-C,2,1,DRY,INSPECTION,33,5
651,O,6,2,RF,CLASE B-C,2,2,DRY,CLASE B-C,39,5
652,O,6,2,DRY,CLASE B-C,2,2,DRY,INSPECTION,40,5
653,O,6,2,RF,CLASE B-C,2,2,DRY,INSPECTION,29,5
654,O,6,2,DRY,CLASE B-C,2,2,DRY,INSPECTION,36,5
655,D,6,2,DRY,CLASE B-C,2,1,DRY,INSPECTION,34,5
656,O,6,2,DRY,CLASE B-C,2,1,DRY,INSPECTION,30,5
657,O,6,2,DRY,CLASE B-C,2,1,DRY,INSPECTION,36,5
658,O,6,2,DRY,CLASE B-C,2,2,DRY,INSPECTION,40,5
659,O,6,2,DRY,CLASE B-C,2,1,DRY,INSPECTION,27,5
660,D,6,2,RF,CLASE B-C,2,1,DRY,INSPECTION,35,5
661,O,7,2,DRY,CLASE D,2,1,DRY,INSPECTION,33,5
662,O,7,2,DRY,CLASE B-C,2,2,DRY,INSPECTION,41,5
663,O,7,2,DRY,CLASE B-C,2,2,DRY,INSPECTION,34,5
664,O,7,2,DRY,CLASE B-C,2,2,DRY,INSPECTION,35,5
665,O,7,2,DRY,CLASE B-C,2,2,DRY,INSPECTION,29,5
666,O,7,2,DRY,CLASE B-C,2,1,DRY,INSPECTION,33,5
667,O,7,2,DRY,CLASE B,2,1,DRY,INSPECTION,34,5
668,O,7,2,DRY,CLASE A,2,1,DRY,INSPECTION,34,5
669,O,7,2,DRY,CLASE B-C,3,2,DRY,CLASE B-C,25,5
670,O,7,2,DRY,CLASE B-C,3,2,DRY,CLASE A,24,5
671,O,7,2,DRY,CLASE B-C,3,2,DRY,CLASE B-C,25,5
672,O,7,2,DRY,CLASE B,3,2,DRY,CLASE A,24,5
673,O,7,2,DRY,CLASE A,7,2,DRY,CLASE B-C,33,5
674,O,7,2,DRY,CLASE B-C,7,2,DRY,CLASE B-C,36,5
675,D,7,2,DRY,CLASE B-C,6,2,RF,CLASE B-C,32,5
676,D,7,2,DRY,CLASE B-C,6,2,RF,CLASE B-C,32,5
677,O,7,2,DRY,CLASE B-C,6,2,RF,CLASE B-C,32,5
678,O,7,2,DRY,CLASE B,6,2,RF,CLASE B-C,32,5
679,O,7,2,DRY,CLASE B-C,6,2,RF,CLASE B-C,26,5
680,O,7,2,DRY,CLASE B-C,6,2,RF,CLASE B-C,32,5
681,O,7,2,DRY,CLASE B-C,1,1,DRY,CLASE B-C,15,5
682,O,7,2,DRY,CLASE B-C,1,1,DRY,CLASE B-C,15,5
683,O,7,2,RF,CLASE B-C,1,2,DRY,CLASE B-C,28,5
684,O,7,2,RF,CLASE B-C,2,2,DRY,CLASE B-C,31,5
685,O,7,2,DRY,CLASE B-C,2,2,DRY,CLASE B-C,31,5
686,O,7,2,DRY,CLASE B-C,2,2,DRY,INSPECTION,30,5
687,O,7,2,RF,CLASE B-C,2,2,DRY,CLASE B-C,31,5
688,D,7,2,RF,CLASE B-C,2,2,DRY,CLASE B-C,31,5
689,O,7,2,RF,CLASE B-C,2,2,DRY,CLASE B-C,31,5
690,O,7,2,RF,CLASE B-C,2,2,DRY,CLASE B-C,24,5
691,O,7,2,RF,CLASE B-C,2,2,DRY,CLASE B-C,31,5
692,O,7,2,RF,CLASE B-C,2,2,DRY,CLASE B-C,31,5
693,O,7,2,DRY,CLASE B-C,2,2,DRY,CLASE B-C,28,5
694,O,7,2,DRY,CLASE B-C,2,2,DRY,CLASE B-C,31,5
695,O,7,2,DRY,CLASE B-C,2,2,DRY,CLASE B-C,31,5
696,O,7,2,DRY,CLASE B-C,2,2,DRY,CLASE B-C,31,5
697,O,7,2,DRY,CLASE B-C,2,2,DRY,INSPECTION,30,5
698,O,7,2,DRY,CLASE B-C,2,2,DRY,INSPECTION,30,5
699,O,7,2,DRY,CLASE B-C,2,2,DRY,INSPECTION,30,5
700,O,7,2,DRY,CLASE B-C,2,2,DRY,CLASE B-C,31,5
701,O,7,2,DRY,CLASE B-C,2,2,DRY,INSPECTION,31,5
702,O,7,2,DRY,CLASE B-C,2,2,DRY,CLASE B-C,31,5
703,O,7,2,DRY,CLASE B-C,2,2,DRY,CLASE B-C,31,5
704,O,7,2,DRY,CLASE A,2,2,DRY,CLASE B-C,31,5
705,O,7,2,DRY,CLASE B-C,2,2,DRY,CLASE B-C,31,5
706,O,7,2,DRY,CLASE B-C,2,2,DRY,INSPECTION,33,5
707,O,7,2,DRY,CLASE B-C,2,2,DRY,CLASE B-C,31,5
708,O,7,2,DRY,CLASE B-C,2,2,DRY,CLASE B-C,29,5
709,O,7,2,DRY,CLASE B-C,2,2,DRY,CLASE B-C,31,5
710,O,7,2,DRY,CLASE B-C,2,2,DRY,CLASE B-C,31,5
711,O,7,2,DRY,CLASE B-C,2,2,DRY,CLASE B-C,31,5
712,O,7,2,DRY,CLASE B-C,2,2,DRY,INSPECTION,30,5
713,O,7,2,DRY,CLASE B-C,2,2,DRY,CLASE B-C,31,5
714,O,7,2,DRY,CLASE B-C,2,2,DRY,CLASE B-C,31,5
715,O,7,2,DRY,CLASE B-C,2,2,DRY,CLASE B-C,31,5
716,O,7,2,DRY,CLASE B-C,2,2,DRY,CLASE B-C,23,5
717,O,7,2,DRY,CLASE B-C,2,2,DRY,CLASE B-C,31,5
718,O,7,2,DRY,CLASE B-C,2,1,DRY,INSPECTION,29,5
719,O,7,2,DRY,CLASE B,2,1,DRY,INSPECTION,26,5
720,O,7,2,DRY,CLASE B-C,2,2,DRY,INSPECTION,33,5
721,O,7,2,DRY,CLASE B-C,2,2,DRY,CLASE B-C,31,5
722,O,7,2,DRY,CLASE B-C,2,2,DRY,INSPECTION,27,5
723,O,7,2,DRY,CLASE B-C,2,2,DRY,CLASE B-C,31,5
724,O,7,2,DRY,CLASE B-C,2,2,DRY,CLASE B-C,27,5
725,O,7,2,DRY,CLASE B-C,2,2,DRY,CLASE B-C,31,5
726,D,7,2,DRY,CLASE B-C,2,1,DRY,INSPECTION,26,5
727,I,7,2,DRY,CLASE B-C,2,1,DRY,INSPECTION,27,5
728,I,7,2,RF,CLASE B-C,2,2,DRY,CLASE B-C,31,5
729,O,7,2,DRY,CLASE B-C,2,2,DRY,INSPECTION,33,5
730,O,7,2,DRY,CLASE B-C,2,2,DRY,INSPECTION,32,5
731,D,7,2,DRY,CLASE B-C,2,2,DRY,INSPECTION,27,5
732,O,7,2,DRY,CLASE B-C,2,2,DRY,CLASE B-C,32,5
733,O,7,2,DRY,CLASE B-C,3,2,DRY,CLASE A,19,5
734,O,7,2,DRY,CLASE B-C,3,2,DRY,CLASE A,19,5
735,O,7,2,DRY,CLASE B-C,3,2,DRY,CLASE A,19,5
736,O,7,2,DRY,CLASE B-C,3,2,DRY,CLASE A,19,5
737,O,7,2,DRY,CLASE B-C,3,2,DRY,CLASE A,19,5
738,O,7,2,DRY,CLASE B-C,3,2,DRY,CLASE A,19,5
739,O,7,2,DRY,CLASE B-C,3,2,DRY,CLASE B-C,15,5
740,O,7,2,DRY,CLASE B-C,6,2,RF,CLASE B-C,22,5
741,O,7,2,DRY,CLASE B-C,6,2,DRY,CLASE B-C,23,5
742,O,7,2,DRY,CLASE B-C,7,2,RF,CLASE B-C,27,5
743,O,7,2,DRY,CLASE B-C,7,2,DRY,CLASE B-C,26,5
744,O,7,2,DRY,CLASE B-C,7,2,RF,CLASE B-C,30,5
745,O,7,2,DRY,CLASE B-C,2,2,DRY,INSPECTION,27,5
746,O,7,2,DRY,CLASE B-C,4,2,DRY,INSPECTION,26,5
747,O,7,2,DRY,CLASE B-C,4,2,DRY,INSPECTION,26,5
748,O,7,2,DRY,CLASE B-C,4,2,DRY,INSPECTION,22,5
749,O,7,2,DRY,CLASE B-C,4,2,DRY,INSPECTION,21,5
750,O,7,2,DRY,CLASE B-C,4,2,DRY,INSPECTION,26,5
751,O,7,2,DRY,CLASE B-C,4,1,DRY,CLASE D,20,5
752,O,7,2,DRY,CLASE B-C,4,1,DRY,CLASE B-C,20,5
753,D,7,2,DRY,CLASE B-C,4,1,DRY,INSPECTION,20,5
754,O,7,2,DRY,CLASE B-C,4,1,DRY,CLASE B-C,20,5
755,O,7,2,DRY,CLASE B-C,4,1,DRY,CLASE B-C,20,5
756,O,7,2,DRY,CLASE B-C,2,1,DRY,INSPECTION,20,5
757,O,7,2,DRY,CLASE B-C,2,2,DRY,INSPECTION,19,5
758,O,7,2,DRY,CLASE B-C,2,1,DRY,INSPECTION,20,5
759,O,7,2,DRY,CLASE B-C,2,2,DRY,INSPECTION,21,5
760,D,7,2,DRY,CLASE B-C,2,2,DRY,INSPECTION,19,5
761,O,7,2,DRY,CLASE B-C,2,2,DRY,CLASE B-C,20,5
762,O,7,2,DRY,CLASE B-C,2,2,DRY,CLASE B-C,20,5
763,O,7,2,DRY,CLASE B-C,2,1,DRY,CLASE B-C,14,5
764,O,7,2,DRY,CLASE B-C,2,2,DRY,CLASE B-C,20,5
765,O,7,2,DRY,CLASE B-C,2,2,DRY,CLASE B-C,20,5
766,O,7,2,DRY,CLASE B-C,2,2,DRY,CLASE B-C,20,5
767,D,7,2,RF,CLASE B-C,2,2,DRY,INSPECTION,21,5
768,O,7,2,RF,CLASE B-C,2,2,DRY,INSPECTION,22,5
769,O,7,2,RF,CLASE B-C,2,2,DRY,INSPECTION,20,5
770,O,7,2,DRY,CLASE B-C,2,2,DRY,INSPECTION,21,5
771,O,7,2,DRY,CLASE B-C,2,2,DRY,INSPECTION,19,5
772,O,7,2,DRY,CLASE B-C,2,2,DRY,INSPECTION,18,5
773,O,7,2,DRY,CLASE B-C,2,2,DRY,INSPECTION,22,5
774,O,7,2,DRY,CLASE B-C,2,2,DRY,INSPECTION,22,5
775,O,7,2,DRY,CLASE B-C,2,2,DRY,INSPECTION,22,5
776,O,7,2,DRY,CLASE B-C,2,2,DRY,INSPECTION,21,5
777,O,7,2,DRY,CLASE B-C,2,2,DRY,CLASE B-C,18,5
778,O,7,2,DRY,CLASE B-C,2,2,DRY,CLASE B-C,20,5
779,O,7,2,DRY,CLASE B-C,2,2,DRY,CLASE B-C,20,5
780,O,7,2,DRY,CLASE B-C,2,2,DRY,CLASE B-C,20,5
781,O,7,2,DRY,CLASE B-C,2,1,DRY,INSPECTION,20,5
782,O,7,2,DRY,CLASE B-C,2,2,DRY,CLASE B-C,20,5
783,O,7,2,DRY,CLASE B-C,2,2,DRY,CLASE B-C,20,5
784,O,7,2,DRY,CLASE B-C,2,1,DRY,INSPECTION,20,5
785,O,7,2,DRY,CLASE B-C,2,1,DRY,INSPECTION,16,5
786,O,7,2,DRY,CLASE B-C,2,2,DRY,INSPECTION,22,5
787,O,7,2,DRY,CLASE B-C,2,2,DRY,INSPECTION,20,5
788,O,7,2,DRY,CLASE B-C,2,1,DRY,INSPECTION,21,5
789,O,7,2,DRY,CLASE B-C,2,1,DRY,INSPECTION,20,5
790,O,7,2,DRY,CLASE B-C,2,1,DRY,INSPECTION,20,5
791,O,7,2,DRY,CLASE B-C,2,1,DRY,INSPECTION,16,5
792,O,7,2,DRY,CLASE B-C,2,1,DRY,INSPECTION,18,5
793,O,7,2,DRY,CLASE B-C,2,1,DRY,INSPECTION,20,5
794,O,7,2,DRY,CLASE B-C,2,2,DRY,INSPECTION,21,5
795,O,7,2,DRY,CLASE B-C,2,2,DRY,INSPECTION,21,5
796,O,7,2,DRY,CLASE B-C,2,2,DRY,INSPECTION,21,5
797,O,7,2,DRY,CLASE B-C,2,2,DRY,INSPECTION,22,5
798,D,7,2,DRY,CLASE B-C,5,2,DRY,CLASE B-C,22,5
799,O,7,2,DRY,CLASE B-C,5,1,DRY,INSPECTION,19,5
800,O,7,2,DRY,CLASE B-C,5,2,DRY,CLASE B-C,22,5
801,O,7,2,DRY,CLASE B-C,5,2,DRY,CLASE B-C,22,5
802,O,7,2,DRY,CLASE B-C,5,2,DRY,CLASE B-C,22,5
803,O,7,2,DRY,CLASE B-C,5,2,DRY,CLASE B-C,24,5
804,O,7,2,DRY,CLASE B-C,5,1,DRY,INSPECTION,19,5
805,O,7,2,DRY,CLASE B-C,5,2,DRY,CLASE B-C,22,5
806,O,7,2,DRY,CLASE D,5,2,DRY,CLASE B-C,22,5
807,O,7,2,DRY,CLASE B-C,5,2,DRY,CLASE B-C,22,5
808,O,7,2,DRY,CLASE B-C,5,2,DRY,INSPECTION,22,5
809,O,7,2,DRY,CLASE B-C,5,2,DRY,CLASE B-C,22,5
810,O,7,2,DRY,CLASE B-C,5,2,DRY,CLASE B-C,22,5
811,O,7,2,DRY,CLASE D,5,2,DRY,CLASE B-C,22,5
812,O,7,2,DRY,CLASE B-C,3,2,DRY,CLASE B-C,20,5
813,O,7,2,DRY,CLASE B-C,3,2,DRY,CLASE B-C,20,5
814,O,7,2,DRY,CLASE B-C,3,2,DRY,CLASE B-C,20,5
815,O,7,2,DRY,CLASE B-C,3,2,DRY,CLASE B-C,20,5
816,O,7,2,DRY,CLASE B-C,3,2,DRY,CLASE B-C,20,5
817,I,7,2,DRY,INSPECTION,3,2,DRY,CLASE B-C,19,5
818,O,7,2,DRY,CLASE B-C,3,2,DRY,CLASE B-C,1,5
819,O,7,2,DRY,CLASE B-C,3,2,DRY,CLASE A,18,5
820,O,7,2,DRY,CLASE D,3,2,DRY,CLASE B-C,20,5
821,D,7,2,DRY,CLASE B-C,3,2,DRY,CLASE B-C,20,5
822,O,7,2,DRY,CLASE B-C,3,2,DRY,CLASE B-C,19,5
823,O,7,2,DRY,CLASE B-C,6,2,DRY,CLASE B-C,10,5
824,D,7,2,DRY,CLASE B-C,7,2,DRY,CLASE B-C,1,5
825,I,7,2,DRY,INSPECTION,4,1,DRY,CLASE B-C,7,5
826,O,7,2,DRY,CLASE B-C,2,1,DRY,INSPECTION,8,5
827,O,7,2,DRY,CLASE B-C,2,1,DRY,CLASE B-C,7,5
828,O,7,2,DRY,CLASE B-C,2,1,DRY,INSPECTION,7,5
829,O,7,2,RF,CLASE B-C,2,1,DRY,INSPECTION,8,5
830,O,7,2,RF,CLASE B-C,2,1,DRY,INSPECTION,7,5
831,O,7,2,RF,CLASE B-C,2,1,DRY,INSPECTION,7,5
832,O,7,2,DRY,CLASE B-C,2,1,DRY,INSPECTION,7,5
833,O,7,2,RF,CLASE B-C,2,1,DRY,INSPECTION,7,5
834,O,7,2,DRY,CLASE B-C,2,1,DRY,INSPECTION,8,5
835,O,7,2,RF,CLASE B-C,2,1,DRY,INSPECTION,7,5
836,O,7,2,DRY,CLASE B-C,5,2,DRY,CLASE B-C,8,5
837,O,7,2,DRY,CLASE B-C,5,2,DRY,CLASE B-C,7,5
838,O,7,2,DRY,CLASE B-C,5,2,DRY,CLASE B-C,7,5
839,D,7,2,RF,CLASE B-C,5,2,DRY,CLASE B-C,7,5
840,O,7,2,RF,CLASE B-C,5,2,DRY,CLASE B-C,7,5
841,O,7,2,RF,CLASE B-C,1,2,DRY,CLASE B-C,2,5
842,O,7,2,DRY,CLASE B-C,1,1,DRY,CLASE B-C,9,5
843,O,7,2,DRY,CLASE B,1,1,DRY,CLASE B-C,9,5
844,O,7,2,DRY,CLASE B,1,1,DRY,CLASE B-C,9,5
845,O,7,2,DRY,CLASE B-C,2,1,DRY,INSPECTION,9,5
846,O,7,2,RF,CLASE B-C,3,2,DRY,CLASE A,5,5
847,O,7,2,DRY,CLASE B-C,3,2,DRY,CLASE B-C,2,5
848,O,7,2,DRY,CLASE B-C,6,2,DRY,CLASE B-C,2,5
849,O,7,2,DRY,CLASE B-C,6,2,DRY,CLASE B-C,1,5
850,O,7,2,DRY,CLASE B-C,6,2,DRY,CLASE B-C,4,5
851,O,7,2,DRY,CLASE A,6,2,RF,CLASE B-C,5,5
852,D,7,2,DRY,CLASE B-C,6,2,RF,CLASE B-C,5,5
853,O,7,2,DRY,CLASE B-C,6,2,RF,CLASE B-C,5,5
854,O,7,2,DRY,CLASE B-C,6,2,DRY,CLASE B-C,1,5
855,O,7,2,DRY,CLASE B-C,6,2,DRY,CLASE B-C,1,5
856,D,7,2,DRY,CLASE B-C,7,2,DRY,CLASE B-C,6,5
857,O,7,2,DRY,CLASE B-C,7,2,DRY,CLASE B,6,5
858,O,7,2,DRY,CLASE B-C,7,2,DRY,CLASE B,1,5
859,O,7,2,DRY,CLASE B-C,7,2,DRY,CLASE A,3,5
860,O,7,2,DRY,CLASE B-C,7,2,DRY,CLASE B-C,6,5
861,D,7,2,DRY,CLASE D,7,2,DRY,CLASE B-C,5,5
862,O,7,2,DRY,CLASE B-C,7,2,DRY,CLASE B-C,5,5
863,O,7,2,DRY,CLASE B-C,7,2,DRY,CLASE B-C,5,5
864,O,7,2,DRY,CLASE B-C,7,2,DRY,CLASE B-C,6,5
865,D,7,2,DRY,CLASE B-C,7,2,DRY,CLASE B-C,6,5
866,O,7,2,DRY,CLASE B-C,7,2,DRY,CLASE B-C,5,5
867,D,7,2,DRY,CLASE B-C,7,2,DRY,CLASE B-C,6,5
868,O,7,2,DRY,CLASE B-C,7,2,DRY,CLASE B-C,6,5
869,O,7,2,DRY,CLASE B-C,7,2,DRY,CLASE B-C,5,5
870,O,7,2,DRY,CLASE B-C,7,2,DRY,CLASE B-C,5,5
871,D,7,2,DRY,CLASE B-C,7,2,DRY,CLASE B-C,5,5
872,O,7,2,DRY,CLASE B-C,7,2,DRY,CLASE B-C,6,5
873,O,7,2,DRY,CLASE B-C,7,2,DRY,CLASE B-C,1,5
874,O,7,2,DRY,CLASE B-C,7,2,DRY,CLASE B-C,6,5
875,D,7,2,DRY,CLASE B-C,7,2,DRY,CLASE B-C,6,5
876,O,7,2,DRY,CLASE B-C,7,2,DRY,CLASE B-C,6,5
877,O,7,2,DRY,CLASE B-C,7,2,DRY,CLASE B-C,6,5
878,O,7,2,DRY,CLASE B,7,2,DRY,CLASE B-C,5,5
879,O,7,2,DRY,CLASE B-C,7,2,DRY,CLASE B-C,6,5
880,O,7,2,DRY,CLASE B,7,2,DRY,CLASE B-C,6,5
881,O,7,2,DRY,CLASE B,7,2,DRY,CLASE B-C,5,5
882,O,7,2,DRY,CLASE B,7,2,DRY,CLASE B-C,6,5
883,O,7,2,DRY,CLASE B-C,7,2,DRY,CLASE B-C,6,5
884,O,7,2,DRY,CLASE B-C,7,2,DRY,CLASE B-C,1,5
885,O,7,2,DRY,CLASE B-C,7,2,DRY,CLASE B-C,6,5
886,O,7,2,DRY,CLASE B-C,7,2,DRY,CLASE B,1,5
887,O,7,2,DRY,CLASE B,7,2,DRY,CLASE B-C,1,5
888,O,7,2,DRY,CLASE B-C,7,2,DRY,CLASE B-C,5,5
889,O,7,2,DRY,CLASE B-C,7,2,DRY,CLASE B-C,5,5
890,O,7,2,DRY,CLASE B-C,7,2,DRY,CLASE B-C,5,5
891,O,7,2,DRY,CLASE B-C,7,2,DRY,CLASE B-C,5,5
892,O,7,2,DRY,CLASE B-C,7,2,DRY,CLASE B-C,1,5
893,O,7,2,DRY,CLASE B,7,2,DRY,CLASE B-C,6,5
894,O,7,2,DRY,CLASE B,7,2,DRY,CLASE B-C,6,5
895,O,7,2,DRY,CLASE B-C,7,2,DRY,CLASE B-C,6,5
896,O,7,2,DRY,CLASE B-C,7,2,DRY,CLASE B-C,6,5
897,O,7,2,DRY,CLASE B-C,7,2,DRY,CLASE B-C,6,5
898,O,7,2,DRY,CLASE B-C,7,2,DRY,CLASE B-C,6,5
899,O,7,2,DRY,CLASE B-C,7,2,DRY,CLASE B-C,5,5
900,O,7,2,DRY,CLASE B-C,7,2,DRY,CLASE B-C,6,5
901,O,7,2,DRY,CLASE B,7,2,DRY,CLASE B-C,1,5
902,O,7,2,DRY,CLASE A,7,2,DRY,CLASE B-C,5,5
903,O,7,2,DRY,CLASE B-C,7,2,DRY,CLASE B-C,6,5
904,O,7,2,DRY,CLASE B-C,7,2,DRY,CLASE B-C,1,5
905,D,7,2,DRY,CLASE B-C,7,2,DRY,CLASE B-C,1,5
906,D,7,2,DRY,CLASE B-C,7,2,DRY,CLASE B-C,4,5
907,O,7,2,DRY,CLASE B,7,2,DRY,CLASE B-C,1,5
908,O,7,2,DRY,CLASE B-C,7,2,DRY,CLASE B-C,6,5
909,O,7,2,DRY,CLASE B-C,7,2,DRY,CLASE B-C,6,5
910,O,7,2,DRY,CLASE B,7,2,DRY,CLASE B-C,5,5
911,O,7,2,DRY,CLASE B-C,7,2,DRY,CLASE B-C,1,5
912,D,7,2,DRY,CLASE B-C,7,2,DRY,CLASE B-C,6,5
913,O,7,2,DRY,CLASE B-C,7,2,DRY,CLASE B-C,2,5
914,O,7,2,DRY,CLASE B-C,7,2,DRY,CLASE B-C,6,5
915,O,7,2,DRY,CLASE B-C,7,2,DRY,CLASE B-C,4,5
916,O,7,2,DRY,CLASE B-C,7,2,DRY,CLASE B-C,5,5
917,O,7,2,DRY,CLASE B-C,7,2,DRY,CLASE B-C,6,5
918,O,7,2,DRY,CLASE B-C,7,2,DRY,CLASE B-C,6,5
919,O,7,2,DRY,CLASE B-C,7,2,DRY,CLASE B-C,1,5
920,O,7,2,DRY,CLASE B-C,7,2,DRY,CLASE B-C,5,5
921,O,7,2,DRY,CLASE B-C,7,2,DRY,CLASE B-C,1,5
922,O,7,2,DRY,CLASE B-C,7,2,DRY,CLASE B-C,2,5
923,O,7,2,DRY,CLASE B-C,7,2,DRY,CLASE B-C,6,5
924,O,7,2,DRY,CLASE B,7,2,DRY,CLASE B-C,4,5
925,O,7,2,DRY,CLASE B-C,7,2,DRY,CLASE B-C,6,5
926,O,7,2,DRY,CLASE B-C,7,2,DRY,CLASE B-C,2,5
927,O,7,2,DRY,CLASE B-C,7,2,DRY,CLASE B-C,6,5
928,D,7,2,DRY,CLASE B-C,7,2,DRY,CLASE B-C,5,5
929,O,7,2,DRY,CLASE B,7,2,DRY,CLASE B-C,1,5
930,O,7,2,DRY,CLASE B-C,7,2,DRY,CLASE B-C,5,5
931,O,7,2,DRY,CLASE B,7,2,DRY,CLASE B-C,6,5
932,O,7,2,DRY,CLASE B-C,7,2,DRY,CLASE B-C,1,5
933,O,7,2,DRY,CLASE B,7,2,DRY,CLASE B-C,1,5
934,O,7,2,DRY,CLASE B-C,7,2,DRY,CLASE B-C,1,5
935,O,7,2,DRY,CLASE B-C,7,2,DRY,CLASE B-C,6,5
936,D,7,2,DRY,CLASE B-C,7,2,DRY,CLASE B-C,6,5
937,O,7,2,DRY,CLASE A,7,2,DRY,CLASE B-C,7,5
938,O,7,2,DRY,CLASE B-C,7,2,DRY,CLASE B-C,6,5
939,O,7,2,DRY,CLASE B-C,7,2,DRY,CLASE B-C,6,5
940,O,7,2,DRY,CLASE B-C,7,2,DRY,CLASE B-C,1,5
941,O,7,2,DRY,CLASE B-C,7,2,DRY,CLASE B-C,6,5
942,O,7,2,DRY,CLASE B,7,2,DRY,CLASE B-C,6,5
943,D,7,2,DRY,CLASE B-C,7,2,DRY,CLASE B-C,6,5
944,D,7,2,DRY,CLASE B-C,7,2,DRY,CLASE A,6,5
945,O,7,2,DRY,CLASE B-C,7,2,DRY,CLASE B-C,6,5
946,O,7,2,DRY,CLASE B-C,7,2,DRY,CLASE B-C,6,5
947,O,7,2,DRY,CLASE B-C,7,2,DRY,CLASE B-C,6,5
948,O,7,2,DRY,CLASE B-C,7,2,DRY,CLASE B-C,1,5
949,O,7,2,DRY,CLASE B-C,7,2,DRY,CLASE B-C,4,5
950,O,7,2,DRY,CLASE B-C,7,2,DRY,CLASE B-C,1,5
951,O,7,2,DRY,CLASE B-C,7,2,DRY,CLASE B-C,6,5
952,O,7,2,DRY,CLASE B-C,7,2,DRY,CLASE B-C,5,5
953,O,7,2,DRY,CLASE B-C,7,2,DRY,CLASE B-C,6,5
954,O,7,2,DRY,CLASE B-C,7,2,DRY,CLASE B-C,1,5
955,O,7,2,DRY,CLASE B-C,7,2,DRY,CLASE B-C,4,5
956,I,7,2,DRY,CLASE B-C,7,2,DRY,CLASE D,1,5
957,O,7,2,DRY,CLASE B-C,7,2,DRY,CLASE B-C,5,5
958,O,7,2,DRY,CLASE B-C,7,2,DRY,CLASE B-C,6,5
959,O,7,2,DRY,CLASE B-C,7,2,DRY,CLASE B-C,1,5
960,O,7,2,DRY,CLASE B-C,7,2,DRY,CLASE B-C,2,5
961,O,7,2,DRY,CLASE B-C,7,2,DRY,CLASE B-C,5,5
962,I,7,2,DRY,INSPECTION,7,2,DRY,CLASE B,1,5
963,O,7,2,DRY,CLASE B-C,7,2,DRY,CLASE B-C,6,5
964,O,7,2,DRY,CLASE B-C,7,2,DRY,CLASE B-C,5,5
965,D,7,2,DRY,CLASE B-C,7,2,DRY,CLASE B-C,5,5
966,O,7,2,DRY,CLASE B-C,7,2,DRY,CLASE B-C,2,5
967,O,7,2,DRY,CLASE B-C,7,2,DRY,CLASE B-C,6,5
968,O,7,2,DRY,CLASE B-C,7,2,DRY,CLASE B-C,1,5
969,D,7,2,DRY,CLASE B-C,7,2,DRY,CLASE B-C,3,5
970,O,7,2,DRY,CLASE B-C,7,2,DRY,CLASE B-C,5,5
971,O,7,2,DRY,CLASE B-C,7,2,DRY,CLASE B-C,4,5
972,O,7,2,DRY,CLASE B-C,7,2,DRY,CLASE B-C,1,5
973,O,7,2,DRY,CLASE B-C,7,2,DRY,CLASE B-C,2,5
974,D,7,2,DRY,CLASE B-C,7,2,DRY,CLASE B-C,1,5
975,O,7,2,DRY,CLASE B-C,7,2,DRY,CLASE B-C,4,5
976,D,7,2,DRY,CLASE B-C,7,2,DRY,CLASE B-C,4,5
977,O,7,2,DRY,CLASE B-C,7,2,DRY,CLASE B,1,5
978,O,7,2,DRY,CLASE B-C,7,2,DRY,CLASE B-C,1,5
979,O,7,2,DRY,CLASE B-C,7,2,DRY,CLASE B-C,1,5
980,O,7,2,DRY,CLASE B-C,7,2,DRY,CLASE B-C,4,5
981,O,7,2,DRY,CLASE B-C,7,2,DRY,CLASE B-C,1,5
982,O,7,2,DRY,CLASE B-C,7,2,DRY,CLASE B-C,1,5
983,O,7,2,DRY,CLASE B-C,7,2,DRY,CLASE B-C,2,5
984,O,7,2,DRY,CLASE B-C,7,2,DRY,CLASE B-C,1,5
985,O,7,2,DRY,CLASE B-C,7,2,DRY,CLASE B-C,5,5
986,O,7,2,DRY,CLASE B-C,7,2,DRY,CLASE B-C,1,5
987,O,7,2,DRY,CLASE B-C,7,2,DRY,CLASE B-C,1,5
988,D,7,2,DRY,CLASE B-C,7,2,DRY,CLASE B-C,1,5
989,O,7,2,DRY,CLASE B-C,7,2,DRY,CLASE B-C,1,5
990,O,7,2,DRY,CLASE B-C,7,2,DRY,CLASE B-C,4,5
991,O,7,2,DRY,CLASE B-C,7,2,DRY,CLASE B-C,5,5
992,O,7,2,DRY,CLASE B-C,7,2,DRY,CLASE B-C,1,5
993,O,7,2,DRY,CLASE B-C,7,2,DRY,CLASE B-C,1,5
994,O,7,2,DRY,CLASE B-C,7,2,DRY,CLASE B-C,2,5
995,O,7,2,DRY,CLASE B-C,7,2,DRY,CLASE B-C,1,5
996,O,7,2,DRY,CLASE B-C,7,2,DRY,CLASE B-C,1,5
997,O,7,2,DRY,CLASE B-C,7,2,DRY,CLASE B-C,1,5
998,O,7,2,DRY,CLASE B-C,7,2,DRY,CLASE B-C,1,5
999,O,7,2,DRY,CLASE B-C,7,2,DRY,CLASE B-C,4,5
1000,O,7,2,DRY,CLASE B-C,7,2,DRY,CLASE B,1,5
1001,O,7,2,DRY,CLASE B-C,6,2,DRY,CLASE B-C,6,5
1002,O,7,2,DRY,CLASE B-C,6,2,DRY,CLASE B-C,5,5
1003,O,7,2,DRY,CLASE B-C,6,2,DRY,CLASE B-C,5,5
1004,O,7,2,DRY,CLASE B-C,6,2,DRY,CLASE B-C,5,5
1005,O,7,2,DRY,CLASE B-C,6,2,DRY,CLASE B-C,4,5
1006,O,7,2,DRY,CLASE B-C,6,2,DRY,CLASE B-C,4,5
1007,O,7,2,DRY,CLASE B-C,6,2,DRY,CLASE B-C,4,5
1008,O,7,2,DRY,CLASE B-C,6,2,DRY,CLASE B-C,4,5
1009,O,7,2,DRY,CLASE B-C,6,2,DRY,CLASE B-C,4,5
1010,O,7,2,DRY,CLASE B-C,6,2,DRY,CLASE B-C,4,5
1011,D,7,2,DRY,CLASE B-C,6,2,DRY,CLASE B-C,1,5
1012,O,7,2,DRY,CLASE B-C,6,2,DRY,CLASE B-C,1,5
1013,O,7,2,DRY,CLASE B-C,6,2,DRY,CLASE B-C,1,5
1014,O,7,2,DRY,CLASE B-C,6,2,DRY,CLASE B-C,1,5
1015,O,7,2,DRY,CLASE B-C,6,2,DRY,CLASE B-C,1,5
1016,O,7,2,DRY,CLASE B-C,6,2,DRY,CLASE B-C,1,5
1017,O,7,2,DRY,CLASE B-C,2,2,DRY,CLASE B-C,1,5
1018,O,7,2,DRY,CLASE B-C,6,2,DRY,CLASE B-C,1,5
1019,O,7,2,DRY,CLASE B-C,6,2,DRY,CLASE B-C,1,5
1020,O,7,2,DRY,CLASE B-C,6,2,DRY,CLASE B-C,1,5
1021,O,7,2,DRY,CLASE B-C,6,2,DRY,CLASE B-C,1,5
1022,O,7,2,DRY,CLASE B-C,3,2,DRY,CLASE B-C,130,5
1023,O,7,2,DRY,CLASE B-C,1,2,RF,CLASE B-C,112,5
1024,O,7,2,DRY,CLASE B-C,7,2,RF,CLASE B-C,84,5
1025,O,7,2,DRY,CLASE B-C,2,2,RF,CLASE B-C,81,5
1026,O,7,2,DRY,CLASE B-C,1,2,RF,CLASE B-C,79,5
1027,O,7,2,DRY,CLASE B-C,1,2,DRY,CLASE B-C,76,5
1028,O,7,2,DRY,CLASE B-C,1,2,DRY,CLASE B-C,76,5
1029,O,7,2,DRY,CLASE B-C,1,2,DRY,CLASE B-C,76,5
1030,O,7,2,DRY,CLASE B-C,1,2,DRY,CLASE B-C,74,5
1031,O,7,2,DRY,CLASE B-C,1,2,RF,CLASE B-C,80,5
1032,O,7,2,DRY,CLASE B-C,3,2,DRY,CLASE B-C,64,5
1033,O,7,2,DRY,CLASE B-C,3,2,DRY,CLASE B-C,74,5
1034,O,7,2,DRY,CLASE B-C,1,2,DRY,CLASE D,64,5
1035,O,7,2,DRY,CLASE B-C,1,2,DRY,CLASE B-C,62,5
1036,O,7,2,DRY,CLASE B-C,1,2,DRY,CLASE B-C,69,5
1037,D,7,2,DRY,CLASE B-C,1,2,DRY,CLASE B-C,63,5
1038,O,7,2,DRY,CLASE B-C,1,2,DRY,CLASE B-C,63,5
1039,O,7,2,DRY,CLASE B-C,1,2,DRY,CLASE B-C,62,5
1040,O,7,2,DRY,CLASE B-C,1,2,DRY,CLASE B-C,64,5
1041,O,7,2,DRY,CLASE B-C,1,2,DRY,CLASE B-C,63,5
1042,O,7,2,DRY,CLASE B-C,1,2,DRY,CLASE B-C,62,5
1043,I,7,2,DRY,INSPECTION,4,2,DRY,CLASE B-C,62,5
1044,O,7,2,DRY,CLASE B-C,1,2,DRY,CLASE B-C,53,5
1045,O,7,2,DRY,CLASE B-C,1,1,DRY,INSPECTION,56,5
1046,O,7,2,DRY,CLASE B-C,4,2,DRY,CLASE B-C,63,5
1047,O,7,2,DRY,CLASE B-C,4,2,DRY,CLASE B-C,63,5
1048,O,7,2,DRY,CLASE B-C,4,2,DRY,CLASE B-C,63,5
1049,O,7,2,DRY,CLASE B-C,4,2,DRY,CLASE B-C,62,5
1050,O,7,2,DRY,CLASE B-C,3,2,DRY,CLASE B-C,62,5
1051,O,7,2,DRY,CLASE B-C,3,2,DRY,CLASE B-C,60,5
1052,O,7,2,DRY,CLASE B-C,8,2,RF,CLASE B-C,56,5
1053,O,7,2,DRY,CLASE B-C,8,2,RF,CLASE B-C,57,5
1054,O,7,2,DRY,CLASE B-C,1,2,DRY,CLASE B-C,59,5
1055,O,7,2,DRY,CLASE B-C,9,2,DRY,CLASE B-C,61,5
1056,O,7,2,DRY,CLASE B-C,7,2,RF,CLASE B-C,55,5
1057,O,7,2,DRY,CLASE B-C,7,2,RF,CLASE B-C,55,5
1058,O,7,2,DRY,CLASE B-C,1,2,DRY,CLASE B-C,57,5
1059,O,7,2,DRY,CLASE B-C,1,1,DRY,INSPECTION,52,5
1060,O,7,2,DRY,CLASE B-C,1,2,DRY,CLASE B-C,54,5
1061,O,7,2,DRY,CLASE B-C,1,2,DRY,CLASE B-C,54,5
1062,O,7,2,DRY,CLASE B-C,1,2,DRY,CLASE B-C,53,5
1063,O,7,2,DRY,CLASE B-C,1,2,DRY,CLASE B-C,54,5
1064,O,7,2,DRY,CLASE B-C,1,2,DRY,CLASE B-C,50,5
1065,O,7,2,DRY,CLASE B-C,1,2,DRY,CLASE D,47,5
1066,O,7,2,DRY,CLASE B-C,1,2,DRY,CLASE B-C,54,5
1067,O,7,2,DRY,CLASE B-C,1,2,DRY,CLASE B-C,50,5
1068,O,7,2,DRY,CLASE B-C,1,2,DRY,CLASE B-C,54,5
1069,O,7,2,DRY,CLASE B-C,1,2,DRY,CLASE B-C,50,5
1070,O,7,2,DRY,CLASE B-C,2,2,DRY,CLASE B-C,45,5
1071,D,7,2,DRY,CLASE B-C,2,1,DRY,CLASE B-C,43,5
1072,O,7,2,DRY,CLASE B-C,9,2,DRY,CLASE B-C,46,5
1073,O,7,2,DRY,CLASE B-C,3,2,DRY,CLASE B-C,50,5
1074,O,7,2,DRY,CLASE B-C,6,1,DRY,INSPECTION,46,5
1075,O,7,2,DRY,CLASE B-C,6,1,DRY,INSPECTION,42,5
1076,O,7,2,DRY,CLASE B-C,1,2,DRY,CLASE B-C,50,5
1077,O,7,2,DRY,CLASE B-C,1,2,DRY,CLASE B-C,50,5
1078,O,7,2,DRY,CLASE B-C,1,2,DRY,CLASE B-C,52,5
1079,O,7,2,DRY,CLASE B-C,1,2,DRY,CLASE B-C,50,5
1080,O,7,2,DRY,CLASE B-C,1,2,DRY,CLASE B-C,50,5
1081,O,7,2,DRY,CLASE B-C,1,2,DRY,CLASE B-C,50,5
1082,O,7,2,RF,CLASE B-C,2,1,DRY,CLASE B-C,43,5
1083,O,7,2,DRY,CLASE B-C,1,1,DRY,INSPECTION,47,5
1084,O,7,2,DRY,CLASE B-C,6,2,DRY,CLASE B-C,1,5
1085,O,7,2,DRY,CLASE B-C,6,2,DRY,CLASE B-C,46,5
1086,O,7,2,DRY,CLASE B-C,6,2,DRY,CLASE B,1,5
1087,O,7,2,DRY,CLASE B-C,6,2,DRY,CLASE B-C,46,5
1088,O,7,2,DRY,CLASE B-C,6,2,DRY,CLASE B-C,1,5
1089,O,7,2,DRY,CLASE B-C,6,2,DRY,CLASE B-C,46,5
1090,O,7,2,DRY,CLASE B-C,1,2,DRY,CLASE B-C,45,5
1091,O,7,2,DRY,CLASE B-C,7,2,RF,CLASE B-C,41,5
1092,O,7,2,DRY,CLASE B-C,2,2,DRY,CLASE B-C,33,5
1093,O,7,2,DRY,CLASE B-C,2,2,DRY,CLASE B-C,28,5
1094,D,7,2,DRY,CLASE B-C,2,2,DRY,CLASE B-C,39,5
1095,O,7,2,DRY,CLASE B-C,2,2,DRY,CLASE B-C,31,5
1096,O,7,2,DRY,CLASE B-C,2,2,DRY,CLASE B-C,33,5
1097,O,7,2,DRY,CLASE B-C,2,2,DRY,CLASE B-C,31,5
1098,O,7,2,DRY,CLASE B-C,2,2,DRY,CLASE B-C,35,5
1099,I,7,2,DRY,CLASE B-C,2,2,DRY,CLASE B-C,29,5
1100,O,7,2,DRY,CLASE B-C,1,2,DRY,CLASE B-C,39,5
1101,O,7,2,DRY,CLASE B-C,1,2,DRY,CLASE B-C,39,5
1102,O,7,2,DRY,CLASE B-C,1,2,RF,CLASE B-C,34,5
1103,O,7,2,DRY,CLASE B-C,1,2,DRY,CLASE B-C,39,5
1104,O,7,2,DRY,CLASE B-C,1,2,DRY,CLASE B-C,39,5
1105,O,7,2,DRY,CLASE B-C,1,1,DRY,INSPECTION,40,5
1106,O,7,2,DRY,CLASE B-C,1,2,RF,CLASE B-C,27,5
1107,O,7,2,DRY,CLASE B-C,1,2,RF,CLASE B-C,24,5
1108,O,7,2,DRY,CLASE B-C,1,2,DRY,CLASE B-C,43,5
1109,O,7,2,DRY,CLASE B-C,3,2,DRY,CLASE A,25,5
1110,O,7,2,DRY,CLASE B-C,3,2,DRY,CLASE A,25,5
1111,O,7,2,DRY,CLASE B-C,3,2,DRY,CLASE B-C,27,5
1112,O,7,2,DRY,CLASE B-C,3,2,DRY,CLASE A,28,5
1113,O,7,2,DRY,CLASE B-C,3,2,DRY,CLASE B-C,21,5
1114,O,7,2,DRY,CLASE B-C,3,2,DRY,CLASE A,25,5
1115,O,7,2,DRY,CLASE B-C,7,2,DRY,CLASE B-C,35,5
1116,O,7,2,DRY,CLASE B-C,7,2,DRY,CLASE B-C,33,5
1117,O,7,2,DRY,CLASE B-C,7,2,DRY,CLASE B-C,32,5
1118,O,7,2,DRY,CLASE B-C,6,1,DRY,INSPECTION,34,5
1119,O,7,2,DRY,CLASE B-C,6,2,DRY,CLASE B-C,31,5
1120,O,7,2,DRY,CLASE B-C,6,2,RF,CLASE B-C,34,5
1121,I,7,2,DRY,INSPECTION,6,2,RF,CLASE B-C,34,5
1122,O,7,2,DRY,CLASE B,6,2,RF,CLASE B-C,28,5
1123,O,7,2,DRY,CLASE B-C,6,2,RF,CLASE B-C,33,5
1124,O,7,2,DRY,CLASE B-C,1,2,RF,CLASE B-C,36,5
1125,O,7,2,DRY,CLASE B-C,1,2,RF,CLASE B-C,35,5
1126,O,7,2,DRY,CLASE B,1,2,RF,CLASE B-C,33,5
1127,O,7,2,DRY,CLASE B-C,1,2,DRY,CLASE B-C,22,5
1128,O,7,2,DRY,CLASE B,1,2,DRY,CLASE B-C,13,5
1129,O,7,2,DRY,CLASE B,2,2,DRY,CLASE B-C,25,5
1130,O,7,2,DRY,CLASE B-C,2,2,DRY,CLASE B-C,25,5
1131,O,7,2,DRY,CLASE B-C,2,2,DRY,CLASE B-C,32,5
1132,O,7,2,DRY,CLASE B-C,2,2,DRY,CLASE B-C,28,5
1133,O,7,2,DRY,CLASE A,2,2,DRY,CLASE B-C,25,5
1134,O,7,2,DRY,CLASE B-C,2,2,DRY,CLASE B-C,25,5
1135,O,7,2,DRY,CLASE B-C,2,2,DRY,CLASE B-C,33,5
1136,O,7,2,DRY,CLASE B-C,2,2,DRY,CLASE B-C,26,5
1137,O,7,2,DRY,CLASE B-C,2,2,DRY,CLASE B-C,26,5
1138,O,7,2,DRY,CLASE B-C,2,2,DRY,CLASE B-C,32,5
1139,D,7,2,DRY,CLASE B-C,2,2,DRY,CLASE B-C,28,5
1140,O,7,2,DRY,CLASE B-C,2,2,DRY,CLASE B-C,27,5
1141,O,7,2,DRY,CLASE B-C,2,2,DRY,CLASE B-C,25,5
1142,O,7,2,DRY,CLASE B-C,2,2,DRY,CLASE B-C,25,5
1143,D,7,2,DRY,CLASE B-C,2,2,DRY,CLASE B-C,25,5
1144,O,7,2,DRY,CLASE B-C,2,2,DRY,CLASE B-C,28,5
1145,O,7,2,DRY,CLASE B-C,2,2,DRY,CLASE B-C,32,5
1146,O,7,2,DRY,CLASE B-C,2,2,DRY,CLASE B-C,26,5
1147,O,7,2,DRY,CLASE B-C,2,2,DRY,CLASE B-C,28,5
1148,O,7,2,DRY,CLASE B-C,2,2,DRY,CLASE B-C,26,5
1149,O,7,2,DRY,CLASE B-C,2,2,DRY,CLASE B-C,29,5
1150,O,7,2,DRY,CLASE B-C,2,2,DRY,CLASE B-C,25,5
1151,O,7,2,DRY,CLASE B-C,2,2,DRY,CLASE B-C,29,5
1152,O,7,2,DRY,CLASE B-C,2,2,DRY,CLASE B-C,26,5
1153,O,7,2,DRY,CLASE B-C,2,2,DRY,CLASE B-C,28,5
1154,O,7,2,DRY,CLASE B-C,2,2,DRY,CLASE B,25,5
1155,O,7,2,DRY,CLASE B-C,2,2,DRY,CLASE B-C,25,5
1156,O,7,2,DRY,CLASE B-C,2,2,DRY,CLASE B-C,25,5
1157,O,7,2,DRY,CLASE B-C,2,2,DRY,CLASE B,25,5
1158,O,7,2,DRY,CLASE B-C,2,2,DRY,CLASE B-C,25,5
1159,O,7,2,DRY,CLASE B-C,2,2,DRY,CLASE B,26,5
1160,O,7,2,DRY,CLASE B-C,2,2,DRY,CLASE B-C,25,5
1161,O,7,2,DRY,CLASE B-C,2,2,DRY,CLASE B-C,25,5
1162,O,7,2,DRY,CLASE B-C,2,2,DRY,CLASE B-C,32,5
1163,O,7,2,DRY,CLASE B-C,2,2,DRY,CLASE B-C,25,5
1164,O,7,2,DRY,CLASE B-C,2,2,DRY,CLASE B-C,28,5
1165,O,7,2,DRY,CLASE B-C,2,2,DRY,CLASE B-C,25,5
1166,D,7,2,DRY,CLASE B-C,2,2,DRY,CLASE B-C,28,5
1167,D,7,2,DRY,CLASE B-C,2,2,DRY,CLASE B-C,28,5
1168,O,7,2,DRY,CLASE B-C,2,2,DRY,CLASE B-C,28,5
1169,O,7,2,DRY,CLASE B-C,2,2,DRY,CLASE B-C,25,5
1170,O,7,2,DRY,CLASE B-C,2,2,DRY,CLASE B-C,28,5
1171,O,7,2,DRY,CLASE B-C,2,2,DRY,CLASE B-C,28,5
1172,O,7,2,DRY,CLASE B-C,2,2,DRY,CLASE B-C,25,5
1173,O,7,2,DRY,CLASE B-C,2,2,DRY,CLASE B-C,33,5
1174,O,7,2,DRY,CLASE B-C,2,2,DRY,CLASE B-C,28,5
1175,D,7,2,RF,CLASE B-C,2,2,DRY,CLASE B-C,28,5
1176,O,7,2,RF,CLASE B-C,2,2,DRY,CLASE B-C,28,5
1177,O,7,2,RF,CLASE B-C,2,2,DRY,CLASE B-C,25,5
1178,O,7,2,DRY,CLASE B-C,2,2,DRY,CLASE B-C,29,5
1179,O,7,2,DRY,CLASE B-C,2,2,DRY,CLASE B-C,25,5
1180,O,7,2,DRY,CLASE B-C,2,2,DRY,CLASE B-C,25,5
1181,O,7,2,DRY,CLASE B-C,2,2,DRY,CLASE B-C,28,5
1182,O,7,2,DRY,CLASE B-C,2,2,DRY,CLASE B-C,28,5
1183,O,7,2,DRY,CLASE B-C,2,2,DRY,CLASE B-C,29,5
1184,O,7,2,DRY,CLASE B-C,2,2,DRY,CLASE B-C,28,5
1185,D,7,2,DRY,CLASE B-C,2,2,DRY,CLASE B-C,28,5
1186,O,7,2,DRY,CLASE B-C,2,2,DRY,CLASE B-C,26,5
1187,O,7,2,DRY,CLASE B,2,2,DRY,CLASE B-C,26,5
1188,O,7,2,DRY,CLASE B,2,2,DRY,CLASE B-C,28,5
1189,O,7,2,DRY,CLASE B-C,2,2,DRY,CLASE B-C,26,5
1190,O,7,2,DRY,CLASE B-C,2,2,DRY,CLASE B-C,25,5
1191,O,7,2,DRY,CLASE B-C,2,2,DRY,CLASE B-C,28,5
1192,O,7,2,DRY,CLASE B-C,2,2,DRY,CLASE B-C,25,5
1193,O,7,2,DRY,CLASE B,2,2,DRY,CLASE B-C,32,5
1194,O,7,2,DRY,CLASE B-C,2,2,DRY,CLASE B-C,25,5
1195,O,7,2,DRY,CLASE B-C,2,2,DRY,CLASE B-C,25,5
1196,O,7,2,DRY,CLASE A,2,2,DRY,CLASE B-C,26,5
1197,O,7,2,DRY,CLASE B,2,2,DRY,CLASE B-C,28,5
1198,O,7,2,DRY,CLASE B-C,2,2,DRY,CLASE B-C,32,5
1199,O,7,2,DRY,CLASE B-C,2,2,DRY,CLASE B-C,25,5
1200,O,7,2,DRY,CLASE B-C,2,2,DRY,CLASE B-C,28,5
1201,O,7,2,DRY,CLASE B-C,2,2,DRY,CLASE B-C,25,5
1202,O,7,2,DRY,CLASE B-C,2,2,DRY,CLASE B-C,28,5
1203,O,7,2,DRY,CLASE B-C,2,2,DRY,CLASE B-C,26,5
1204,O,7,2,DRY,CLASE B-C,2,2,DRY,CLASE B-C,28,5
1205,O,7,2,DRY,CLASE B-C,2,2,DRY,CLASE B-C,25,5
1206,O,7,2,DRY,CLASE B-C,2,2,DRY,CLASE B-C,26,5
1207,O,7,2,RF,CLASE B-C,2,2,DRY,CLASE B-C,28,5
1208,O,7,2,RF,CLASE B-C,2,2,DRY,CLASE B-C,29,5
1209,D,7,2,RF,CLASE B-C,2,2,DRY,CLASE B-C,25,5
1210,O,7,2,RF,CLASE B-C,2,2,DRY,CLASE B-C,25,5
1211,O,7,2,RF,CLASE B-C,2,2,DRY,CLASE B-C,32,5
1212,I,7,2,RF,CLASE B-C,2,2,DRY,CLASE B-C,28,5
1213,O,7,2,RF,CLASE B-C,2,2,DRY,CLASE B-C,26,5
1214,O,7,2,DRY,CLASE B-C,2,2,DRY,CLASE B-C,25,5
1215,D,7,2,DRY,CLASE B-C,2,2,DRY,CLASE B-C,26,5
1216,O,7,2,DRY,CLASE B-C,2,2,DRY,CLASE B-C,25,5
1217,O,7,2,DRY,CLASE B-C,2,2,DRY,CLASE B-C,25,5
1218,O,7,2,DRY,CLASE B-C,2,2,DRY,CLASE B-C,28,5
1219,O,7,2,DRY,CLASE B-C,2,2,DRY,CLASE B-C,28,5
1220,O,7,2,DRY,CLASE D,2,2,DRY,CLASE B-C,29,5
1221,O,7,2,DRY,CLASE B-C,2,2,DRY,CLASE B-C,28,5
1222,O,7,2,DRY,CLASE B-C,2,2,DRY,CLASE B-C,25,5
1223,O,7,2,DRY,CLASE B-C,2,2,DRY,CLASE B-C,28,5
1224,O,7,2,DRY,CLASE B-C,2,2,DRY,CLASE B-C,25,5
1225,O,7,2,DRY,CLASE B-C,2,2,DRY,CLASE B-C,28,5
1226,O,7,2,DRY,CLASE B-C,2,2,DRY,CLASE B-C,28,5
1227,O,7,2,DRY,CLASE B-C,2,2,DRY,CLASE B-C,26,5
1228,O,7,2,DRY,CLASE B-C,2,2,DRY,CLASE B-C,28,5
1229,O,7,2,DRY,CLASE B-C,2,2,DRY,CLASE B-C,26,5
1230,O,7,2,DRY,CLASE B-C,2,2,DRY,CLASE B-C,28,5
1231,O,7,2,DRY,CLASE B-C,2,2,DRY,CLASE B-C,26,5
1232,O,7,2,DRY,CLASE B-C,2,2,DRY,CLASE B-C,25,5
1233,O,7,2,DRY,CLASE B-C,2,2,DRY,CLASE B-C,25,5
1234,O,7,2,DRY,CLASE B-C,2,2,DRY,CLASE B-C,25,5
1235,O,7,2,DRY,CLASE B-C,2,2,DRY,CLASE B-C,25,5
1236,D,7,2,DRY,CLASE B-C,2,2,DRY,CLASE B-C,25,5
1237,O,7,2,DRY,CLASE B-C,2,2,DRY,CLASE B-C,25,5
1238,O,7,2,DRY,CLASE B-C,2,2,DRY,CLASE B-C,31,5
1239,D,7,2,DRY,CLASE B-C,2,2,DRY,CLASE B-C,28,5
1240,O,7,2,DRY,CLASE B-C,2,2,DRY,CLASE B-C,28,5
1241,O,7,2,DRY,CLASE B-C,2,2,DRY,CLASE B-C,25,5
1242,O,7,2,DRY,CLASE B-C,2,2,DRY,CLASE B-C,25,5
1243,O,7,2,DRY,CLASE B-C,2,2,DRY,CLASE B-C,25,5
1244,O,7,2,DRY,CLASE B-C,2,2,DRY,CLASE B-C,26,5
1245,O,7,2,DRY,CLASE B-C,2,2,DRY,CLASE B-C,29,5
1246,O,7,2,DRY,CLASE B-C,2,2,DRY,CLASE B-C,28,5
1247,D,7,2,DRY,CLASE B-C,2,2,DRY,CLASE B-C,28,5
1248,O,7,2,DRY,CLASE B-C,2,2,DRY,CLASE B-C,28,5
1249,O,7,2,DRY,CLASE B-C,2,2,DRY,CLASE B-C,29,5
1250,O,7,2,DRY,CLASE B-C,2,2,DRY,CLASE B-C,26,5
1251,O,7,2,DRY,CLASE B-C,2,2,DRY,CLASE B-C,29,5
1252,O,7,2,DRY,CLASE B-C,2,2,DRY,CLASE D,26,5
1253,O,7,2,DRY,CLASE B-C,2,2,DRY,CLASE B-C,25,5
1254,O,7,2,DRY,CLASE B-C,2,2,DRY,CLASE B-C,28,5
1255,O,7,2,DRY,CLASE B-C,2,2,DRY,CLASE B-C,32,5
1256,O,7,2,DRY,CLASE B-C,2,2,DRY,CLASE B-C,28,5
1257,D,7,2,DRY,CLASE B-C,2,2,DRY,CLASE B-C,32,5
1258,O,7,2,DRY,CLASE B-C,2,2,DRY,CLASE B-C,26,5
1259,O,7,2,DRY,CLASE B-C,2,2,DRY,CLASE B-C,33,5
1260,O,7,2,DRY,CLASE B-C,2,2,DRY,CLASE B-C,29,5
1261,O,7,2,DRY,CLASE B-C,2,2,DRY,CLASE B-C,28,5
1262,I,7,2,DRY,INSPECTION,2,2,DRY,CLASE B-C,26,5
1263,O,7,2,DRY,CLASE B-C,2,2,DRY,CLASE B-C,29,5
1264,O,7,2,DRY,CLASE B-C,2,2,DRY,CLASE B-C,29,5
1265,O,7,2,DRY,CLASE B-C,2,2,DRY,CLASE B-C,29,5
1266,O,7,2,DRY,CLASE B-C,2,2,DRY,CLASE B-C,28,5
1267,O,7,2,DRY,CLASE B-C,2,2,DRY,CLASE B-C,28,5
1268,O,7,2,DRY,CLASE B-C,2,2,DRY,CLASE B-C,29,5
1269,O,7,2,DRY,CLASE B-C,2,2,DRY,CLASE B-C,28,5
1270,O,7,2,DRY,CLASE B-C,2,2,DRY,CLASE B-C,25,5
1271,I,7,2,DRY,INSPECTION,2,2,DRY,CLASE B-C,28,5
1272,O,7,2,DRY,CLASE B-C,2,2,DRY,CLASE B-C,26,5
1273,O,7,2,DRY,CLASE B-C,2,2,DRY,CLASE B-C,28,5
1274,O,7,2,DRY,CLASE B-C,2,2,DRY,CLASE B-C,26,5
1275,O,7,2,DRY,CLASE B-C,2,2,DRY,CLASE B-C,26,5
1276,O,7,2,DRY,CLASE B-C,3,2,DRY,CLASE A,25,5
1277,O,7,2,DRY,CLASE B-C,3,2,DRY,CLASE B-C,18,5
1278,D,7,2,DRY,CLASE D,3,2,DRY,CLASE A,23,5
1279,I,7,2,DRY,CLASE B-C,3,2,DRY,CLASE A,25,5
1280,O,7,2,DRY,CLASE B,3,2,DRY,CLASE A,23,5
1281,D,7,2,DRY,CLASE B-C,3,2,DRY,CLASE A,23,5
1282,D,7,2,DRY,CLASE B-C,3,2,DRY,CLASE A,25,5
1283,O,7,2,RF,CLASE B-C,3,2,DRY,CLASE A,23,5
1284,D,7,2,DRY,CLASE B-C,3,2,DRY,CLASE A,25,5
1285,O,7,2,DRY,CLASE B,8,2,DRY,CLASE B-C,25,5
1286,O,7,2,DRY,CLASE B,8,2,RF,CLASE B-C,24,5
1287,O,7,2,DRY,CLASE B,6,2,RF,CLASE B-C,25,5
1288,O,7,2,DRY,CLASE B-C,6,2,RF,CLASE B-C,29,5
1289,O,7,2,DRY,CLASE A,6,2,RF,CLASE B-C,25,5
1290,O,7,2,DRY,CLASE A,6,2,RF,CLASE B-C,26,5
1291,O,7,2,DRY,CLASE B-C,6,2,RF,CLASE B-C,27,5
1292,O,7,2,DRY,CLASE B-C,6,2,RF,CLASE B-C,27,5
1293,O,7,2,DRY,CLASE B-C,6,2,RF,CLASE B-C,25,5
1294,O,7,2,DRY,CLASE B-C,6,2,DRY,CLASE B-C,24,5
1295,O,7,2,DRY,CLASE B-C,6,1,DRY,INSPECTION,25,5
1296,O,7,2,DRY,CLASE B-C,6,2,RF,CLASE B-C,25,5
1297,O,7,2,DRY,CLASE B-C,6,2,RF,CLASE B-C,27,5
1298,D,7,2,DRY,CLASE B-C,7,2,DRY,CLASE B-C,18,5
1299,O,7,2,DRY,CLASE B,7,2,RF,CLASE B-C,28,5
1300,O,7,2,DRY,CLASE B-C,9,2,DRY,CLASE B-C,6,5
1301,O,7,2,DRY,CLASE B-C,2,2,DRY,CLASE B-C,21,5
1302,O,7,2,DRY,CLASE B-C,2,2,DRY,CLASE B-C,23,5
1303,O,7,2,DRY,CLASE B,2,2,DRY,CLASE B-C,20,5
1304,O,7,2,DRY,CLASE B-C,2,2,DRY,CLASE B-C,20,5
1305,O,7,2,DRY,CLASE B-C,2,2,DRY,CLASE A,21,5
1306,I,7,2,DRY,INSPECTION,2,2,DRY,CLASE B-C,26,5
1307,D,7,2,DRY,CLASE B-C,2,2,DRY,CLASE B-C,20,5
1308,O,7,2,DRY,CLASE B-C,2,2,DRY,CLASE B-C,20,5
1309,O,7,2,DRY,CLASE B-C,2,2,DRY,CLASE A,23,5
1310,I,7,2,DRY,CLASE B-C,2,2,DRY,CLASE B-C,19,5
1311,D,7,2,DRY,CLASE B-C,2,2,DRY,CLASE A,21,5
1312,O,7,2,DRY,CLASE B-C,2,2,DRY,CLASE D,21,5
1313,O,7,2,DRY,CLASE B-C,2,2,DRY,CLASE B-C,25,5
1314,O,7,2,DRY,CLASE B-C,2,2,DRY,CLASE B-C,21,5
1315,O,7,2,DRY,CLASE B-C,2,2,DRY,CLASE B-C,21,5
1316,D,7,2,DRY,CLASE B-C,2,2,DRY,CLASE B-C,21,5
1317,D,7,2,DRY,CLASE B-C,2,2,DRY,CLASE B-C,26,5
1318,O,7,2,DRY,CLASE B-C,2,2,DRY,CLASE B-C,21,5
1319,O,7,2,DRY,CLASE B-C,2,2,DRY,CLASE B-C,26,5
1320,O,7,2,DRY,CLASE B-C,2,2,DRY,CLASE B-C,21,5
1321,O,7,2,DRY,CLASE B-C,2,2,DRY,CLASE B-C,21,5
1322,O,7,2,DRY,CLASE B-C,2,2,DRY,CLASE B-C,21,5
1323,O,7,2,DRY,CLASE B-C,2,2,DRY,CLASE B-C,21,5
1324,O,7,2,DRY,CLASE B-C,2,2,DRY,CLASE B-C,21,5
1325,D,7,2,DRY,CLASE B-C,2,2,DRY,CLASE B-C,21,5
1326,O,7,2,DRY,CLASE B-C,2,2,DRY,CLASE B-C,21,5
1327,D,7,2,DRY,CLASE B-C,2,2,DRY,CLASE B-C,26,5
1328,O,7,2,DRY,CLASE B-C,2,2,DRY,CLASE B-C,21,5
1329,O,7,2,DRY,CLASE B-C,2,2,DRY,CLASE D,20,5
1330,D,7,2,DRY,CLASE B-C,2,2,DRY,CLASE B-C,20,5
1331,O,7,2,DRY,CLASE B-C,2,2,DRY,CLASE B-C,24,5
1332,O,7,2,DRY,CLASE B-C,2,2,DRY,CLASE B-C,20,5
1333,O,7,2,DRY,CLASE B-C,2,2,DRY,CLASE B-C,21,5
1334,O,7,2,DRY,CLASE B-C,2,2,DRY,CLASE B-C,21,5
1335,O,7,2,DRY,CLASE B-C,2,2,DRY,CLASE B-C,21,5
1336,O,7,2,DRY,CLASE B-C,2,2,DRY,CLASE B-C,21,5
1337,D,7,2,DRY,CLASE B-C,2,2,RF,CLASE B-C,5,5
1338,O,7,2,DRY,CLASE B-C,2,2,DRY,CLASE B-C,21,5
1339,O,7,2,DRY,CLASE B-C,2,2,DRY,CLASE B-C,26,5
1340,O,7,2,DRY,CLASE B-C,2,2,DRY,CLASE B-C,23,5
1341,O,7,2,DRY,CLASE B-C,2,2,DRY,CLASE B-C,25,5
1342,D,7,2,DRY,CLASE B-C,2,2,DRY,CLASE B-C,20,5
1343,I,7,2,DRY,CLASE B-C,2,2,DRY,CLASE B-C,21,5
1344,O,7,2,DRY,CLASE B-C,2,2,DRY,CLASE B-C,21,5
1345,O,7,2,DRY,CLASE B-C,2,2,DRY,CLASE B-C,20,5
1346,O,7,2,DRY,CLASE B-C,2,2,DRY,CLASE B-C,21,5
1347,O,7,2,DRY,CLASE B-C,2,2,DRY,CLASE B-C,25,5
1348,O,7,2,DRY,CLASE B-C,2,2,DRY,CLASE B-C,25,5
1349,O,7,2,DRY,CLASE B-C,2,2,DRY,CLASE B-C,23,5
1350,D,7,2,DRY,CLASE B-C,2,2,DRY,CLASE B-C,21,5
1351,O,7,2,DRY,CLASE B-C,2,2,DRY,CLASE B-C,21,5
1352,O,7,2,DRY,CLASE B-C,2,2,DRY,CLASE B-C,21,5
1353,O,7,2,DRY,CLASE B-C,2,2,DRY,CLASE B-C,21,5
1354,I,7,2,DRY,CLASE B-C,2,2,DRY,CLASE B-C,22,5
1355,O,7,2,DRY,CLASE B-C,2,2,DRY,CLASE B-C,25,5
1356,O,7,2,DRY,CLASE B-C,2,2,DRY,CLASE B-C,21,5
1357,I,7,2,DRY,CLASE B-C,2,2,DRY,CLASE B-C,22,5
1358,O,7,2,DRY,CLASE B-C,2,2,DRY,CLASE B-C,25,5
1359,D,7,2,DRY,CLASE B-C,2,2,DRY,CLASE B-C,21,5
1360,O,7,2,DRY,CLASE B-C,2,2,DRY,CLASE B-C,21,5
1361,D,7,2,DRY,CLASE B-C,2,2,DRY,CLASE B-C,21,5
1362,O,7,2,DRY,CLASE D,2,2,DRY,CLASE B-C,21,5
1363,O,7,2,DRY,CLASE B-C,2,2,DRY,CLASE B-C,26,5
1364,O,7,2,DRY,CLASE B-C,2,2,DRY,CLASE B-C,21,5
1365,O,7,2,DRY,CLASE B-C,2,2,DRY,CLASE B-C,25,5
1366,O,7,2,DRY,CLASE B-C,2,2,DRY,CLASE B-C,23,5
1367,O,7,2,DRY,CLASE B-C,2,2,DRY,CLASE B-C,22,5
1368,O,7,2,DRY,CLASE B-C,2,2,DRY,CLASE B-C,23,5
1369,O,7,2,DRY,CLASE B-C,2,2,DRY,CLASE B-C,21,5
1370,D,7,2,DRY,CLASE B-C,2,2,DRY,CLASE B-C,19,5
1371,O,7,2,DRY,CLASE B-C,2,2,DRY,CLASE B-C,21,5
1372,I,7,2,DRY,CLASE B-C,2,2,DRY,CLASE B-C,21,5
1373,D,7,2,DRY,CLASE B-C,2,2,DRY,CLASE B-C,20,5
1374,O,7,2,DRY,CLASE B-C,2,2,DRY,CLASE B-C,21,5
1375,O,7,2,DRY,CLASE B-C,2,2,DRY,CLASE B-C,23,5
1376,D,7,2,DRY,CLASE B-C,2,2,DRY,CLASE B-C,18,5
1377,O,7,2,RF,CLASE B-C,2,2,DRY,CLASE B-C,19,5
1378,O,7,2,RF,CLASE B-C,2,2,DRY,CLASE B-C,20,5
1379,O,7,2,RF,CLASE B-C,2,2,DRY,CLASE D,23,5
1380,O,7,2,RF,CLASE B-C,2,2,DRY,CLASE B-C,21,5
1381,O,7,2,RF,CLASE B-C,2,2,DRY,CLASE B-C,25,5
1382,O,7,2,DRY,CLASE B-C,2,2,DRY,CLASE B-C,21,5
1383,D,7,2,DRY,CLASE B-C,2,2,DRY,CLASE D,23,5
1384,I,7,2,RF,CLASE B-C,2,2,DRY,CLASE B-C,21,5
1385,O,7,2,RF,CLASE B-C,2,2,DRY,CLASE B-C,20,5
1386,O,7,2,RF,CLASE B-C,2,2,DRY,CLASE B-C,21,5
1387,O,7,2,DRY,CLASE B-C,2,2,DRY,CLASE B-C,26,5
1388,O,7,2,RF,CLASE B-C,2,2,DRY,CLASE B-C,20,5
1389,O,7,2,DRY,CLASE B-C,2,2,DRY,CLASE B-C,20,5
1390,O,7,2,DRY,CLASE B-C,2,2,DRY,CLASE B-C,26,5
1391,O,7,2,DRY,CLASE B-C,2,2,DRY,CLASE B-C,21,5
1392,D,7,2,DRY,CLASE B-C,2,2,DRY,CLASE B-C,23,5
1393,O,7,2,DRY,CLASE B-C,2,2,DRY,CLASE B-C,22,5
1394,O,7,2,DRY,CLASE B-C,2,2,DRY,CLASE B-C,22,5
1395,I,7,2,DRY,INSPECTION,2,2,DRY,CLASE B-C,21,5
1396,O,7,2,DRY,CLASE B-C,2,2,DRY,CLASE B-C,21,5
1397,D,7,2,DRY,CLASE D,2,2,DRY,CLASE B-C,20,5
1398,O,7,2,DRY,CLASE B-C,2,2,DRY,CLASE B-C,21,5
1399,O,7,2,DRY,CLASE B-C,2,2,DRY,CLASE B-C,21,5
1400,O,7,2,DRY,CLASE B-C,2,2,DRY,CLASE D,19,5
1401,O,7,2,DRY,CLASE B-C,2,2,DRY,CLASE B-C,19,5
1402,D,7,2,DRY,CLASE B-C,2,2,DRY,CLASE B-C,26,5
1403,D,7,2,DRY,CLASE D,2,2,DRY,CLASE B-C,20,5
1404,O,7,2,DRY,CLASE B-C,2,2,DRY,CLASE B-C,21,5
1405,O,7,2,DRY,CLASE B-C,2,2,DRY,CLASE B-C,23,5
1406,D,7,2,DRY,CLASE B-C,2,2,DRY,CLASE B-C,21,5
1407,O,7,2,DRY,CLASE B-C,2,2,DRY,CLASE B-C,22,5
1408,O,7,2,DRY,CLASE B-C,2,2,DRY,CLASE B-C,21,5
1409,O,7,2,DRY,CLASE B-C,2,2,DRY,CLASE B-C,21,5
1410,I,7,2,RF,CLASE B-C,2,2,DRY,CLASE B-C,21,5
1411,O,7,2,DRY,CLASE B-C,2,2,DRY,CLASE B-C,21,5
1412,O,7,2,DRY,CLASE B-C,2,2,DRY,CLASE B-C,21,5
1413,D,7,2,DRY,CLASE B-C,2,2,DRY,CLASE B-C,25,5
1414,I,7,2,DRY,CLASE B-C,2,2,DRY,CLASE B-C,26,5
1415,O,7,2,DRY,CLASE B-C,2,2,DRY,CLASE B-C,26,5
1416,O,7,2,DRY,CLASE B-C,2,2,DRY,CLASE B-C,26,5
1417,O,7,2,DRY,CLASE B-C,2,2,DRY,CLASE B-C,20,5
1418,O,7,2,DRY,CLASE B-C,2,2,DRY,CLASE B-C,22,5
1419,O,7,2,DRY,CLASE A,2,2,DRY,CLASE A,21,5
1420,O,7,2,DRY,CLASE B-C,2,2,DRY,CLASE B-C,20,5
1421,D,7,2,DRY,CLASE B,2,2,DRY,CLASE B-C,21,5
1422,O,7,2,DRY,CLASE B-C,2,2,DRY,CLASE B-C,21,5
1423,O,7,2,DRY,CLASE B-C,5,2,DRY,CLASE B-C,23,5
1424,O,7,2,DRY,CLASE B-C,5,2,DRY,CLASE B-C,23,5
1425,O,7,2,DRY,CLASE B-C,5,2,DRY,INSPECTION,25,5
1426,O,7,2,DRY,CLASE B-C,1,2,DRY,CLASE B-C,15,5
1427,O,7,2,DRY,CLASE B-C,1,2,RF,CLASE B-C,27,5
1428,O,7,2,DRY,CLASE B-C,1,2,RF,CLASE B-C,24,5
1429,D,7,2,DRY,CLASE B-C,1,2,RF,CLASE B-C,26,5
1430,D,7,2,DRY,CLASE B-C,1,2,DRY,CLASE B-C,25,5
1431,O,7,2,DRY,CLASE B-C,3,2,DRY,CLASE B-C,19,5
1432,O,7,2,DRY,CLASE A,3,2,DRY,CLASE B-C,19,5
1433,O,7,2,DRY,CLASE B,3,2,DRY,CLASE B-C,24,5
1434,O,7,2,DRY,CLASE B-C,3,2,DRY,CLASE B-C,24,5
1435,O,7,2,DRY,CLASE B-C,3,2,DRY,CLASE B-C,1,5
1436,O,7,2,DRY,CLASE B-C,3,2,DRY,CLASE B-C,24,5
1437,O,7,2,DRY,CLASE B-C,3,2,DRY,CLASE B-C,1,5
1438,D,7,2,DRY,CLASE B-C,3,2,DRY,CLASE B-C,24,5
1439,O,7,2,DRY,CLASE B-C,6,2,RF,CLASE B-C,22,5
1440,O,7,2,DRY,CLASE B-C,6,1,DRY,INSPECTION,16,5
1441,O,7,2,DRY,CLASE B-C,7,2,RF,CLASE B-C,21,5
1442,O,7,2,DRY,CLASE B-C,7,2,DRY,CLASE B-C,15,5
1443,D,7,2,DRY,CLASE B-C,7,2,RF,CLASE B-C,20,5
1444,O,7,2,DRY,CLASE B-C,7,2,RF,CLASE B-C,23,5
1445,O,7,2,DRY,CLASE B-C,1,2,DRY,CLASE B-C,23,5
1446,O,7,2,DRY,CLASE B-C,1,2,DRY,CLASE B-C,23,5
1447,O,7,2,DRY,CLASE B-C,1,2,DRY,CLASE B-C,22,5
1448,O,7,2,DRY,CLASE B-C,1,2,DRY,CLASE B-C,21,5
1449,O,7,2,DRY,CLASE B-C,1,2,DRY,CLASE B-C,21,5
1450,O,7,2,DRY,CLASE B-C,1,2,DRY,CLASE B-C,21,5
1451,O,7,2,DRY,CLASE B-C,1,2,DRY,CLASE B-C,21,5
1452,O,7,2,DRY,CLASE B-C,1,2,DRY,CLASE B-C,21,5
1453,D,1,2,DRY,CLASE D,1,2,DRY,CLASE B-C,21,5
1454,O,6,2,DRY,CLASE B-C,1,2,DRY,CLASE B-C,21,5
1455,D,6,2,DRY,CLASE B-C,1,2,DRY,CLASE B-C,21,5
1456,D,6,2,DRY,CLASE B-C,1,2,DRY,CLASE B-C,21,5
1457,O,6,2,DRY,CLASE B-C,1,2,DRY,CLASE B-C,19,5
1458,O,6,2,DRY,CLASE B-C,1,2,DRY,CLASE B-C,19,5
1459,D,6,2,DRY,INSPECTION,1,2,DRY,CLASE B-C,19,5
1460,I,1,2,DRY,CLASE B-C,7,2,RF,CLASE B-C,18,5
1461,I,1,2,DRY,CLASE B-C,6,1,DRY,INSPECTION,14,5
1462,O,6,2,DRY,CLASE B-C,6,1,DRY,INSPECTION,14,5
1463,I,6,2,DRY,INSPECTION,6,1,DRY,INSPECTION,13,5
1464,D,1,2,DRY,CLASE B-C,6,1,DRY,INSPECTION,14,5
1465,I,6,2,DRY,INSPECTION,6,1,DRY,INSPECTION,14,5
1466,D,6,2,DRY,CLASE B-C,6,1,DRY,INSPECTION,14,5
1467,O,6,2,DRY,CLASE B-C,6,1,DRY,INSPECTION,14,5
1468,O,6,2,DRY,CLASE B-C,6,1,DRY,INSPECTION,11,5
1469,O,6,2,DRY,CLASE B-C,6,1,DRY,INSPECTION,14,5
1470,D,1,2,DRY,CLASE B-C,6,1,DRY,INSPECTION,14,5
1471,D,9,2,DRY,CLASE B-C,6,1,DRY,INSPECTION,14,5
1472,O,9,2,DRY,CLASE B-C,7,2,DRY,CLASE B-C,12,5
1473,D,9,2,DRY,CLASE B-C,7,2,DRY,CLASE B-C,15,5
1474,O,6,2,DRY,CLASE B-C,7,2,DRY,CLASE B-C,15,5
1475,O,6,2,DRY,CLASE B-C,7,2,DRY,CLASE B-C,16,5
1476,D,6,2,DRY,CLASE B-C,7,2,DRY,CLASE B-C,13,5
1477,I,1,2,DRY,INSPECTION,7,2,DRY,CLASE B-C,15,5
1478,O,6,2,DRY,CLASE B-C,7,2,DRY,CLASE B-C,16,5
1479,D,1,2,DRY,CLASE D,7,2,DRY,CLASE B-C,13,5
1480,O,6,2,DRY,CLASE B-C,7,2,DRY,CLASE B-C,13,5
1481,O,6,2,DRY,CLASE B-C,7,2,DRY,CLASE B-C,15,5
1482,O,6,2,DRY,CLASE B-C,7,2,DRY,CLASE B-C,12,5
1483,O,9,2,DRY,CLASE B-C,7,2,DRY,CLASE B-C,15,5
1484,O,9,2,DRY,CLASE B-C,7,2,DRY,CLASE B-C,15,5
1485,I,9,2,DRY,CLASE B-C,7,2,DRY,CLASE B-C,13,5
1486,O,6,2,DRY,CLASE B-C,9,2,RF,CLASE B-C,9,5
1487,D,6,2,DRY,CLASE B-C,9,2,DRY,CLASE B-C,11,5
1488,D,6,2,DRY,CLASE B-C,9,1,DRY,CLASE B,11,5
1489,O,9,2,DRY,CLASE B-C,9,2,DRY,CLASE B-C,11,5
1490,O,9,2,DRY,CLASE B-C,2,2,DRY,CLASE B-C,10,5
1491,O,9,2,DRY,CLASE B-C,2,2,DRY,CLASE B-C,13,5
1492,O,6,2,DRY,CLASE B-C,2,2,DRY,CLASE B-C,14,5
1493,O,6,2,DRY,CLASE B-C,2,1,DRY,CLASE B-C,9,5
1494,O,6,2,DRY,CLASE B-C,2,2,RF,CLASE B-C,2,5
1495,D,1,2,DRY,CLASE B-C,2,2,DRY,CLASE B-C,9,5
1496,O,1,2,DRY,CLASE B-C,2,2,DRY,CLASE B-C,10,5
1497,O,6,2,DRY,CLASE B-C,2,2,DRY,CLASE B-C,10,5
1498,D,6,2,DRY,CLASE B-C,2,2,DRY,CLASE B-C,10,5
1499,O,6,2,DRY,CLASE B-C,1,2,RF,CLASE B-C,10,5
1500,O,6,2,DRY,CLASE B-C,1,2,DRY,CLASE B-C,12,5
1501,O,6,2,DRY,CLASE B-C,1,2,DRY,CLASE B-C,12,5
1502,O,6,2,DRY,CLASE B-C,1,2,DRY,CLASE B-C,12,5
1503,O,6,2,DRY,CLASE B-C,1,2,DRY,CLASE B-C,9,5
1504,D,1,2,DRY,CLASE B-C,1,2,DRY,CLASE B-C,9,5
1505,D,1,2,DRY,CLASE B-C,1,2,DRY,CLASE B-C,10,5
1506,D,1,2,DRY,CLASE D,1,2,DRY,CLASE B-C,12,5
1507,O,1,2,DRY,CLASE B-C,1,2,DRY,CLASE B-C,12,5
1508,O,6,2,DRY,CLASE B-C,1,2,RF,CLASE B-C,6,5
1509,O,6,2,DRY,CLASE B-C,1,2,DRY,CLASE B-C,12,5
1510,O,6,2,DRY,CLASE B,1,2,RF,CLASE B-C,14,5
1511,D,1,2,DRY,CLASE B-C,1,2,DRY,CLASE B-C,15,5
1512,D,6,2,DRY,CLASE B-C,1,2,DRY,CLASE B-C,15,5
1513,O,6,2,DRY,CLASE B-C,1,2,DRY,CLASE B-C,15,5
1514,D,1,2,DRY,CLASE D,1,2,DRY,CLASE B-C,15,5
1515,O,6,2,DRY,CLASE B-C,1,2,DRY,CLASE B-C,12,5
1516,O,6,2,DRY,CLASE B-C,1,2,DRY,CLASE B-C,12,5
1517,D,1,2,DRY,CLASE D,1,2,DRY,CLASE B-C,12,5
1518,D,1,2,DRY,CLASE B-C,1,2,DRY,CLASE B-C,11,5
1519,D,1,2,DRY,CLASE D,1,2,DRY,CLASE B-C,12,5
1520,D,1,2,DRY,CLASE B-C,1,2,DRY,CLASE B-C,12,5
1521,O,6,2,DRY,CLASE B-C,1,2,DRY,CLASE B-C,12,5
1522,D,1,2,DRY,CLASE B-C,1,2,DRY,CLASE B-C,12,5
1523,D,1,2,DRY,CLASE B-C,1,2,DRY,CLASE B-C,12,5
1524,D,1,2,DRY,CLASE D,1,2,DRY,CLASE B-C,10,5
1525,O,6,2,DRY,CLASE B-C,1,2,DRY,CLASE B-C,11,5
1526,D,1,2,DRY,CLASE B-C,1,2,DRY,CLASE B-C,10,5
1527,D,1,2,DRY,CLASE B-C,1,2,DRY,CLASE B-C,10,5
1528,D,1,2,DRY,CLASE B-C,1,2,DRY,CLASE B-C,10,5
1529,D,1,2,DRY,CLASE D,1,2,DRY,CLASE B-C,10,5
1530,D,1,2,DRY,CLASE D,1,2,DRY,CLASE B-C,10,5
1531,D,1,2,DRY,CLASE D,1,2,DRY,CLASE B-C,10,5
1532,D,1,2,DRY,CLASE D,1,2,DRY,CLASE B-C,11,5
1533,D,1,2,DRY,CLASE D,1,2,DRY,CLASE B-C,10,5
1534,O,6,2,DRY,CLASE B-C,1,2,DRY,CLASE B-C,11,5
1535,D,1,2,DRY,CLASE D,1,2,DRY,CLASE B-C,10,5
1536,O,6,2,DRY,CLASE B-C,1,2,DRY,CLASE B-C,10,5
1537,D,1,2,DRY,CLASE D,1,2,DRY,CLASE B-C,10,5
1538,D,1,2,DRY,CLASE D,1,2,DRY,CLASE B-C,10,5
1539,O,6,2,DRY,CLASE B-C,1,2,DRY,CLASE B-C,10,5
1540,O,6,2,DRY,CLASE B-C,1,2,DRY,CLASE B-C,10,5
1541,O,6,2,DRY,CLASE B-C,1,2,DRY,CLASE B-C,10,5
1542,D,6,2,DRY,CLASE B-C,1,2,DRY,CLASE B-C,10,5
1543,O,6,2,DRY,CLASE B-C,1,2,DRY,CLASE B-C,10,5
1544,O,6,2,DRY,CLASE B-C,1,2,DRY,CLASE B-C,10,5
1545,O,6,2,DRY,CLASE B-C,1,2,DRY,CLASE B-C,10,5
1546,O,6,2,DRY,CLASE B-C,1,2,DRY,CLASE B-C,10,5
1547,O,6,2,DRY,CLASE B-C,1,2,DRY,CLASE B-C,10,5
1548,O,6,2,DRY,CLASE B-C,1,2,DRY,CLASE B-C,10,5
1549,O,6,2,DRY,CLASE B-C,1,2,DRY,CLASE B-C,10,5
1550,O,6,2,DRY,CLASE B-C,1,2,DRY,CLASE B-C,10,5
1551,D,6,2,DRY,CLASE B-C,1,2,DRY,CLASE B,10,5
1552,O,2,2,DRY,CLASE B-C,1,2,DRY,CLASE B-C,11,5
1553,D,2,2,DRY,CLASE B-C,1,2,DRY,CLASE B-C,10,5
1554,O,2,2,DRY,CLASE B-C,1,2,DRY,CLASE B-C,10,5
1555,O,2,2,DRY,CLASE B-C,1,2,DRY,CLASE B-C,9,5
1556,O,2,2,RF,CLASE A,1,2,DRY,CLASE B-C,9,5
1557,D,2,2,DRY,CLASE B-C,1,2,DRY,CLASE B-C,9,5
1558,D,2,2,DRY,CLASE B-C,1,2,DRY,CLASE B-C,9,5
1559,O,2,2,DRY,CLASE B-C,1,2,DRY,CLASE B-C,9,5
1560,O,2,2,RF,CLASE B-C,1,2,DRY,CLASE B-C,9,5
1561,O,2,2,RF,CLASE B-C,1,2,DRY,CLASE B-C,9,5
1562,O,2,2,RF,CLASE B-C,8,2,DRY,CLASE B-C,3,5
1563,O,2,2,RF,CLASE B-C,6,2,RF,CLASE B-C,2,5
1564,D,2,2,DRY,CLASE B-C,6,2,DRY,CLASE B-C,1,5
1565,D,2,2,RF,CLASE B-C,6,2,DRY,CLASE B-C,1,5
1566,O,2,2,RF,CLASE B-C,6,2,DRY,CLASE B-C,1,5
1567,O,2,2,RF,CLASE B-C,7,2,DRY,CLASE B-C,8,5
1568,O,2,2,DRY,CLASE B-C,7,2,DRY,CLASE B-C,9,5
1569,O,2,2,DRY,CLASE B-C,7,2,DRY,CLASE B-C,9,5
1570,O,2,2,DRY,CLASE B-C,7,2,DRY,CLASE B-C,8,5
1571,O,2,2,DRY,CLASE B-C,7,2,DRY,CLASE B-C,8,5
1572,D,2,2,DRY,CLASE B-C,7,2,DRY,CLASE B-C,9,5
1573,O,2,2,DRY,CLASE B-C,7,2,DRY,CLASE B-C,6,5
1574,D,2,2,DRY,CLASE B-C,7,2,DRY,CLASE B-C,7,5
1575,O,2,2,DRY,CLASE B-C,7,2,DRY,CLASE B-C,6,5
1576,O,2,2,DRY,CLASE B-C,7,2,DRY,CLASE B-C,8,5
1577,O,2,2,DRY,CLASE B-C,7,2,DRY,CLASE B-C,4,5
1578,O,2,2,DRY,CLASE B-C,7,2,DRY,CLASE B-C,6,5
1579,D,2,2,DRY,CLASE B-C,7,2,DRY,CLASE B-C,8,5
1580,D,2,2,DRY,CLASE B-C,7,2,DRY,CLASE B-C,6,5
1581,D,2,2,DRY,CLASE B-C,7,2,DRY,CLASE B-C,8,5
1582,D,2,2,DRY,CLASE B-C,7,2,DRY,CLASE B-C,3,5
1583,O,2,2,DRY,CLASE B-C,7,2,DRY,CLASE B-C,8,5
1584,O,2,2,DRY,CLASE B-C,7,2,DRY,CLASE B-C,5,5
1585,D,2,2,DRY,CLASE B-C,7,2,DRY,CLASE B-C,4,5
1586,D,2,2,DRY,CLASE B-C,7,2,DRY,CLASE B-C,9,5
1587,O,2,2,DRY,CLASE B-C,7,2,DRY,CLASE B-C,4,5
1588,O,2,2,DRY,CLASE B-C,7,2,DRY,CLASE B-C,6,5
1589,O,2,2,DRY,CLASE B-C,7,2,DRY,CLASE B-C,9,5
1590,O,2,2,DRY,CLASE B-C,7,2,DRY,CLASE B-C,9,5
1591,O,2,2,DRY,CLASE B-C,7,2,DRY,CLASE B-C,6,5
1592,O,2,2,DRY,CLASE B-C,7,2,DRY,CLASE B-C,9,5
1593,I,2,2,RF,CLASE B-C,7,2,DRY,CLASE B-C,9,5
1594,O,2,2,DRY,CLASE B-C,7,2,DRY,CLASE B-C,5,5
1595,O,2,2,RF,CLASE B-C,7,2,DRY,CLASE B-C,4,5
1596,O,2,2,DRY,CLASE B-C,7,2,DRY,CLASE B-C,9,5
1597,O,2,2,DRY,CLASE B-C,7,2,DRY,CLASE A,6,5
1598,O,2,2,DRY,CLASE B-C,7,2,DRY,CLASE B-C,6,5
1599,D,2,2,DRY,CLASE B-C,7,2,DRY,CLASE B-C,8,5
1600,D,2,2,DRY,CLASE B-C,7,2,DRY,CLASE B-C,7,5
1601,O,2,2,RF,CLASE B-C,7,2,DRY,CLASE B-C,6,5
1602,O,2,2,DRY,CLASE B-C,7,2,DRY,CLASE B-C,3,5
1603,O,2,2,DRY,CLASE B-C,7,2,DRY,CLASE B-C,8,5
1604,O,2,2,DRY,CLASE B-C,7,2,DRY,CLASE B-C,5,5
1605,D,2,2,DRY,CLASE B-C,7,2,DRY,CLASE B-C,1,5
1606,O,2,2,DRY,CLASE B-C,7,2,DRY,CLASE B-C,7,5
1607,O,2,2,DRY,CLASE B-C,7,2,DRY,CLASE B-C,7,5
1608,O,2,2,RF,CLASE B-C,7,2,DRY,CLASE B-C,9,5
1609,D,2,2,RF,CLASE B-C,7,2,DRY,CLASE B-C,6,5
1610,O,2,2,RF,CLASE B-C,7,2,DRY,CLASE B-C,9,5
1611,O,2,2,RF,CLASE B-C,7,2,DRY,CLASE B-C,7,5
1612,O,2,2,RF,CLASE B-C,7,2,DRY,CLASE B-C,8,5
1613,O,2,2,RF,CLASE B-C,7,2,DRY,CLASE B-C,6,5
1614,O,2,2,RF,CLASE B-C,7,2,DRY,CLASE B-C,5,5
1615,O,2,2,DRY,CLASE B-C,7,2,DRY,CLASE B-C,8,5
1616,O,2,2,RF,CLASE B-C,7,2,DRY,CLASE B-C,8,5
1617,O,2,2,RF,CLASE B-C,7,2,DRY,CLASE B-C,4,5
1618,O,2,2,RF,CLASE B-C,7,2,DRY,CLASE B-C,8,5
1619,D,2,2,RF,CLASE B-C,7,2,DRY,CLASE B-C,8,5
1620,O,2,2,RF,CLASE B-C,7,2,DRY,CLASE B-C,8,5
1621,O,2,2,DRY,CLASE B-C,7,2,DRY,CLASE B,6,5
1622,O,2,2,RF,CLASE B-C,7,2,DRY,CLASE B-C,6,5
1623,I,2,2,RF,CLASE B-C,7,2,DRY,CLASE B-C,6,5
1624,O,2,2,RF,CLASE B-C,7,2,DRY,CLASE B-C,8,5
1625,O,2,2,RF,CLASE B-C,7,2,DRY,CLASE B-C,6,5
1626,O,2,2,RF,CLASE B-C,7,2,DRY,CLASE B-C,8,5
1627,O,2,2,DRY,CLASE B-C,7,2,DRY,CLASE B-C,3,5
1628,O,2,2,DRY,CLASE B-C,7,2,DRY,CLASE B-C,4,5
1629,O,2,2,RF,CLASE B-C,7,2,DRY,CLASE B-C,8,5
1630,O,2,2,RF,CLASE B-C,7,2,DRY,CLASE B-C,6,5
1631,O,2,2,RF,CLASE B-C,7,2,DRY,CLASE B-C,9,5
1632,I,2,2,RF,CLASE B-C,7,2,DRY,CLASE B-C,9,5
1633,I,2,2,RF,CLASE B-C,7,2,DRY,CLASE B-C,9,5
1634,O,2,2,RF,CLASE B-C,7,2,DRY,CLASE B-C,4,5
1635,O,2,2,RF,CLASE B,7,2,DRY,CLASE B-C,9,5
1636,O,2,2,RF,CLASE A,7,2,DRY,CLASE B-C,6,5
1637,D,2,2,RF,CLASE B-C,7,2,DRY,CLASE B-C,6,5
1638,I,2,2,RF,CLASE B-C,7,2,DRY,CLASE B-C,9,5
1639,O,2,2,RF,CLASE B-C,7,2,DRY,CLASE B-C,9,5
1640,O,2,2,RF,CLASE B-C,7,2,DRY,CLASE B-C,6,5
1641,O,2,2,RF,CLASE B-C,7,2,DRY,CLASE B-C,8,5
1642,D,2,2,DRY,CLASE B-C,7,2,DRY,CLASE B-C,6,5
1643,O,2,2,DRY,CLASE B-C,7,2,DRY,CLASE B-C,7,5
1644,O,2,2,DRY,CLASE B-C,7,2,DRY,CLASE B-C,5,5
1645,O,2,2,DRY,CLASE B-C,7,2,DRY,CLASE B-C,8,5
1646,O,2,2,DRY,CLASE B-C,7,2,DRY,CLASE D,7,5
1647,O,2,2,DRY,CLASE B-C,7,2,DRY,CLASE B-C,8,5
1648,O,2,2,DRY,CLASE B-C,7,2,DRY,CLASE B-C,9,5
1649,D,2,2,DRY,CLASE B-C,7,2,DRY,CLASE B-C,6,5
1650,O,2,2,DRY,CLASE B-C,7,2,DRY,CLASE B-C,9,5
1651,O,2,2,DRY,CLASE B-C,7,2,DRY,CLASE B-C,9,5
1652,O,2,2,RF,CLASE B-C,7,2,DRY,CLASE B-C,4,5
1653,O,2,2,RF,CLASE B-C,7,2,DRY,CLASE B-C,5,5
1654,O,2,2,DRY,CLASE B-C,7,2,DRY,CLASE B-C,6,5
1655,O,2,2,DRY,CLASE B-C,7,2,DRY,CLASE B-C,4,5
1656,O,2,2,DRY,CLASE B-C,7,2,DRY,CLASE B-C,6,5
1657,O,2,2,RF,CLASE B-C,7,2,DRY,CLASE B-C,8,5
1658,O,2,2,RF,CLASE B-C,7,2,DRY,CLASE B-C,3,5
1659,O,2,2,DRY,CLASE B-C,7,2,DRY,CLASE B-C,9,5
1660,O,2,2,DRY,CLASE B-C,7,2,DRY,CLASE B-C,7,5
1661,O,2,2,DRY,CLASE B-C,7,2,DRY,CLASE B-C,8,5
1662,O,2,2,DRY,CLASE B-C,7,2,DRY,CLASE B-C,4,5
1663,D,2,2,DRY,CLASE B-C,7,2,DRY,CLASE B-C,8,5
1664,O,2,2,DRY,CLASE B-C,7,2,DRY,CLASE B-C,8,5
1665,O,2,2,DRY,CLASE B-C,7,2,DRY,CLASE B-C,9,5
1666,O,2,2,DRY,CLASE B-C,7,2,DRY,CLASE B-C,5,5
1667,O,2,2,DRY,CLASE B-C,7,2,DRY,CLASE B-C,8,5
1668,O,2,2,DRY,CLASE B-C,7,2,DRY,CLASE B-C,3,5
1669,O,2,2,DRY,CLASE B-C,7,2,DRY,CLASE B-C,9,5
1670,I,2,2,DRY,CLASE B-C,7,2,DRY,CLASE B-C,8,5
1671,D,2,2,DRY,CLASE B-C,7,2,DRY,CLASE B-C,9,5
1672,O,2,2,DRY,CLASE B-C,7,2,DRY,CLASE B-C,6,5
1673,O,2,2,DRY,CLASE B-C,7,2,DRY,CLASE B-C,7,5
1674,O,2,2,DRY,CLASE B-C,7,2,DRY,CLASE B-C,1,5
1675,O,2,2,DRY,CLASE B-C,7,2,DRY,CLASE B-C,3,5
1676,O,2,2,DRY,CLASE B-C,7,2,DRY,CLASE B-C,8,5
1677,D,2,2,DRY,CLASE B-C,7,2,DRY,CLASE B-C,8,5
1678,O,2,2,DRY,CLASE B-C,1,2,DRY,CLASE D,10,5
1679,O,2,2,DRY,CLASE B-C,1,2,RF,CLASE B-C,10,5
1680,O,2,2,DRY,CLASE B-C,7,2,DRY,CLASE B-C,6,5
1681,O,2,2,DRY,CLASE B-C,7,2,DRY,CLASE B-C,4,5
1682,I,2,2,RF,CLASE A,7,2,DRY,CLASE B-C,8,5
1683,O,2,2,RF,CLASE B-C,7,2,DRY,CLASE B-C,5,5
1684,O,2,2,RF,CLASE B,7,2,DRY,CLASE B-C,4,5
1685,O,2,2,RF,CLASE B-C,7,2,DRY,CLASE B-C,6,5
1686,O,2,2,RF,CLASE B-C,7,2,DRY,CLASE B-C,7,5
1687,O,2,2,RF,CLASE B-C,7,2,DRY,CLASE B-C,7,5
1688,O,2,2,RF,CLASE B-C,7,2,DRY,CLASE B-C,6,5
1689,O,2,2,RF,CLASE B-C,7,2,DRY,CLASE B-C,6,5
1690,O,2,2,RF,CLASE B-C,7,2,DRY,CLASE B-C,5,5
1691,O,2,2,RF,CLASE B-C,7,2,DRY,CLASE B-C,5,5
1692,I,2,2,RF,CLASE B-C,7,2,DRY,CLASE B-C,5,5
1693,O,2,2,RF,CLASE B-C,7,2,DRY,CLASE B-C,6,5
1694,O,2,2,RF,CLASE B-C,7,2,DRY,CLASE B-C,7,5
1695,O,2,2,RF,CLASE B-C,7,2,DRY,CLASE B-C,5,5
1696,D,2,2,RF,CLASE B-C,7,2,DRY,CLASE B-C,6,5
1697,O,2,2,RF,CLASE B-C,7,2,DRY,CLASE B-C,7,5
1698,O,2,2,RF,CLASE B-C,7,2,DRY,CLASE B-C,7,5
1699,O,2,2,RF,CLASE B-C,7,2,DRY,CLASE B-C,4,5
1700,O,2,2,RF,CLASE B-C,7,2,DRY,CLASE B-C,6,5
1701,O,2,2,RF,CLASE B-C,7,2,DRY,CLASE B-C,7,5
1702,O,2,2,RF,CLASE B-C,7,2,DRY,CLASE B-C,8,5
1703,O,2,2,RF,CLASE A,7,2,DRY,CLASE B-C,7,5
1704,O,2,2,RF,CLASE B-C,7,2,DRY,CLASE B-C,6,5
1705,O,2,2,RF,CLASE B-C,7,2,DRY,CLASE B-C,3,5
1706,O,2,2,RF,CLASE B-C,7,2,DRY,CLASE B-C,7,5
1707,O,2,2,RF,CLASE B-C,7,2,DRY,CLASE B-C,7,5
1708,I,2,2,RF,CLASE B-C,7,2,DRY,CLASE B-C,4,5
1709,O,2,2,RF,CLASE B-C,7,2,DRY,CLASE B-C,7,5
1710,O,2,2,RF,CLASE B-C,7,2,DRY,CLASE B-C,7,5
1711,O,2,2,RF,CLASE B-C,7,2,DRY,CLASE B-C,6,5
1712,O,2,2,RF,CLASE B-C,7,2,DRY,CLASE B-C,5,5
1713,O,2,2,RF,CLASE B-C,7,2,DRY,CLASE B-C,5,5
1714,O,2,2,RF,CLASE B-C,7,2,DRY,CLASE B-C,7,5
1715,I,2,2,RF,CLASE B-C,7,2,DRY,CLASE B-C,6,5
1716,O,2,2,RF,CLASE B-C,7,2,DRY,CLASE B-C,6,5
1717,O,2,2,RF,CLASE B-C,7,2,DRY,CLASE B-C,6,5
1718,O,2,2,RF,CLASE B-C,7,2,DRY,CLASE B-C,5,5
1719,O,2,2,RF,CLASE B-C,7,2,DRY,CLASE B-C,5,5
1720,O,2,2,RF,CLASE B-C,7,2,DRY,CLASE B-C,6,5
1721,O,2,2,DRY,CLASE B-C,7,2,DRY,CLASE B-C,6,5
1722,O,2,2,DRY,CLASE B-C,7,2,DRY,CLASE B-C,6,5
1723,O,2,2,DRY,CLASE B-C,7,2,DRY,CLASE B-C,6,5
1724,O,2,2,DRY,CLASE B-C,7,2,DRY,CLASE B-C,7,5
1725,O,2,2,DRY,CLASE B-C,7,2,DRY,CLASE B-C,6,5
1726,O,2,2,DRY,CLASE B-C,7,2,DRY,CLASE B-C,6,5
1727,O,2,2,DRY,CLASE D,7,2,DRY,CLASE B-C,7,5
1728,D,2,2,DRY,CLASE B,7,2,DRY,CLASE B-C,5,5
1729,O,2,2,DRY,CLASE B-C,7,2,DRY,CLASE B-C,6,5
1730,O,2,2,DRY,CLASE B-C,7,2,DRY,CLASE B-C,8,5
1731,O,2,2,DRY,CLASE B-C,7,2,DRY,CLASE B-C,7,5
1732,O,2,2,DRY,CLASE B-C,7,2,DRY,CLASE B-C,7,5
1733,O,2,2,DRY,CLASE B-C,7,2,DRY,CLASE B-C,7,5
1734,O,2,2,RF,CLASE B-C,7,2,DRY,CLASE B-C,6,5
1735,O,2,2,RF,CLASE B-C,7,2,DRY,CLASE B-C,6,5
1736,O,2,2,RF,CLASE B-C,7,2,DRY,CLASE B-C,6,5
1737,O,2,2,RF,CLASE B-C,7,2,DRY,CLASE B-C,4,5
1738,O,2,2,DRY,CLASE B-C,7,2,DRY,CLASE B-C,7,5
1739,D,2,2,DRY,CLASE B-C,7,2,DRY,CLASE B-C,6,5
1740,D,2,2,DRY,CLASE B-C,1,2,DRY,CLASE B-C,8,5
1741,O,2,2,DRY,CLASE B-C,1,2,DRY,CLASE B-C,7,5
1742,O,2,2,RF,CLASE B-C,6,2,RF,CLASE B-C,2,5
1743,O,2,2,RF,CLASE B-C,1,2,DRY,CLASE B-C,4,5
1744,O,2,2,RF,CLASE B-C,6,2,RF,INSPECTION,3,5
1745,O,2,2,DRY,CLASE B-C,7,2,DRY,CLASE B-C,3,5
1746,O,2,2,DRY,CLASE B-C,7,2,DRY,CLASE B-C,2,5
1747,O,2,2,DRY,CLASE B-C,7,2,RF,CLASE B-C,2,5
1748,D,2,2,DRY,CLASE B-C,7,2,RF,CLASE B-C,2,5
1749,D,2,2,DRY,CLASE B-C,7,2,RF,CLASE B-C,3,5
1750,O,2,2,DRY,CLASE B-C,7,2,RF,CLASE B-C,2,5
1751,O,2,2,DRY,CLASE B-C,7,2,RF,CLASE B-C,3,5
1752,O,2,2,DRY,CLASE B-C,7,2,RF,CLASE B-C,2,5
1753,O,2,2,DRY,CLASE B-C,7,2,RF,CLASE B-C,3,5
1754,O,2,2,DRY,CLASE B-C,7,2,DRY,CLASE B-C,2,5
1755,O,2,2,DRY,CLASE B-C,7,2,DRY,CLASE B-C,2,5
1756,O,2,2,DRY,CLASE B-C,7,2,DRY,CLASE B-C,2,5
1757,O,2,2,DRY,CLASE B-C,7,2,DRY,CLASE B-C,2,5
1758,O,2,2,DRY,CLASE B-C,7,2,DRY,CLASE B-C,2,5
1759,O,2,2,DRY,CLASE B-C,7,2,RF,CLASE B-C,2,5
1760,D,2,2,DRY,CLASE B-C,7,2,RF,CLASE B-C,2,5
1761,D,2,2,DRY,CLASE B-C,7,2,DRY,CLASE B-C,1,5
1762,O,2,2,DRY,CLASE B-C,7,2,DRY,CLASE B-C,2,5
1763,O,2,2,DRY,CLASE B-C,7,2,DRY,CLASE B-C,2,5
1764,O,2,2,DRY,CLASE B-C,7,2,RF,CLASE B-C,2,5
1765,O,2,2,DRY,CLASE B-C,7,2,RF,CLASE B-C,3,5
1766,O,2,2,DRY,CLASE B-C,7,2,RF,CLASE B-C,3,5
1767,O,2,2,DRY,CLASE B-C,7,2,RF,CLASE B-C,3,5
1768,I,2,2,RF,INSPECTION,7,2,RF,CLASE B-C,2,5
1769,O,2,2,RF,CLASE A,7,2,RF,CLASE B-C,2,5
1770,O,2,2,RF,CLASE A,7,2,DRY,CLASE B-C,1,5
1771,O,2,2,RF,CLASE B-C,7,2,RF,CLASE B-C,4,5
1772,O,2,2,RF,CLASE B,7,2,DRY,CLASE B-C,1,5
1773,O,2,2,RF,CLASE B-C,7,2,DRY,CLASE B,2,5
1774,I,2,2,RF,CLASE A,7,2,DRY,CLASE B-C,2,5
1775,O,2,2,RF,CLASE B-C,7,2,DRY,CLASE B-C,2,5
1776,O,2,2,RF,CLASE B-C,7,2,DRY,CLASE B-C,2,5
1777,O,2,2,RF,CLASE B-C,7,2,DRY,CLASE B-C,1,5
1778,O,2,2,RF,CLASE B-C,7,2,DRY,CLASE B-C,1,5
1779,O,2,2,RF,CLASE B-C,7,2,DRY,CLASE B-C,2,5
1780,O,2,2,RF,CLASE B-C,7,2,DRY,CLASE A,1,5
1781,O,2,2,RF,CLASE B-C,7,2,DRY,CLASE B-C,2,5
1782,O,2,2,RF,CLASE B-C,7,2,DRY,CLASE B-C,2,5
1783,O,2,2,RF,CLASE A,7,2,DRY,CLASE B-C,2,5
1784,O,2,2,RF,CLASE B-C,7,2,DRY,CLASE B-C,1,5
1785,O,2,2,RF,CLASE B-C,7,2,DRY,CLASE B-C,1,5
1786,O,2,2,RF,CLASE B-C,7,2,DRY,CLASE B-C,1,5
1787,D,2,2,RF,CLASE B-C,7,2,DRY,CLASE B-C,2,5
1788,O,2,2,RF,CLASE B-C,7,2,DRY,CLASE B-C,2,5
1789,I,2,2,RF,INSPECTION,7,2,DRY,CLASE B-C,2,5
1790,O,2,2,RF,CLASE B-C,7,2,RF,CLASE B-C,4,5
1791,O,2,2,RF,CLASE B-C,7,2,DRY,CLASE B-C,2,5
1792,O,2,2,RF,CLASE B-C,7,2,DRY,CLASE B-C,2,5
1793,O,2,2,RF,CLASE B-C,7,2,DRY,CLASE B-C,1,5
1794,O,2,2,DRY,CLASE B-C,7,2,DRY,CLASE B-C,2,5
1795,O,2,2,DRY,CLASE B-C,7,2,DRY,CLASE B-C,1,5
1796,O,2,2,DRY,CLASE B-C,7,2,DRY,CLASE B-C,2,5
1797,O,2,2,RF,CLASE B-C,7,2,DRY,CLASE B-C,1,5
1798,O,2,2,RF,CLASE B-C,7,2,DRY,CLASE B-C,2,5
1799,O,2,2,DRY,CLASE B-C,7,2,DRY,CLASE B-C,2,5
1800,O,2,2,DRY,CLASE B-C,7,2,RF,CLASE B-C,2,5
1801,D,2,2,DRY,CLASE B-C,7,2,DRY,CLASE B-C,2,5
1802,D,2,2,DRY,CLASE B-C,7,2,RF,CLASE B-C,3,5
1803,O,2,2,DRY,CLASE B-C,7,2,RF,CLASE B-C,2,5
1804,O,2,2,DRY,CLASE D,7,2,RF,CLASE B-C,3,5
1805,O,2,2,RF,CLASE B-C,7,2,RF,CLASE B-C,3,5
1806,O,2,2,RF,CLASE B-C,7,2,DRY,CLASE B-C,2,5
1807,D,2,2,DRY,CLASE D,7,2,DRY,CLASE B-C,2,5
1808,O,2,2,DRY,CLASE B-C,7,2,DRY,CLASE B-C,1,5
1809,O,2,2,DRY,CLASE B-C,7,2,DRY,CLASE B-C,2,5
1810,I,2,2,RF,INSPECTION,7,2,DRY,CLASE B-C,1,5
1811,O,2,2,RF,CLASE B-C,7,2,DRY,CLASE B-C,1,5
1812,O,2,2,RF,CLASE B-C,7,2,DRY,CLASE B-C,2,5
1813,O,2,2,RF,CLASE B-C,7,2,DRY,CLASE B-C,2,5
1814,O,2,2,DRY,CLASE B-C,7,2,DRY,CLASE B-C,4,5
1815,O,2,2,DRY,CLASE B-C,7,2,DRY,CLASE B-C,1,5
1816,O,2,2,DRY,CLASE B-C,7,2,RF,CLASE B-C,3,5
1817,O,2,2,DRY,CLASE B-C,7,2,DRY,CLASE A,1,5
1818,O,2,2,DRY,CLASE B-C,7,2,DRY,CLASE B-C,2,5
1819,O,2,2,DRY,CLASE B-C,7,2,DRY,CLASE B-C,2,5
1820,D,2,2,DRY,CLASE B-C,7,2,DRY,CLASE B-C,1,5
1821,O,2,2,DRY,CLASE B-C,7,2,DRY,CLASE B-C,2,5
1822,O,2,2,DRY,CLASE B-C,7,2,DRY,CLASE B-C,2,5
1823,O,2,2,DRY,CLASE B-C,7,2,DRY,CLASE B-C,2,5
1824,O,2,2,DRY,CLASE B-C,7,2,DRY,CLASE B-C,2,5
1825,O,2,2,DRY,CLASE B-C,7,2,DRY,CLASE B-C,2,5
1826,O,2,2,DRY,CLASE B-C,7,2,DRY,CLASE B-C,2,5
1827,O,2,2,DRY,CLASE B-C,7,2,DRY,CLASE B-C,1,5
1828,O,2,2,DRY,CLASE B-C,7,2,DRY,CLASE B-C,2,5
1829,O,2,2,DRY,CLASE B-C,7,2,RF,CLASE B-C,2,5
1830,O,2,2,DRY,CLASE B-C,7,2,RF,CLASE B-C,3,5
1831,O,2,2,DRY,CLASE B-C,7,2,RF,CLASE B-C,4,5
1832,O,2,2,DRY,CLASE B-C,7,2,RF,CLASE B-C,2,5
1833,O,2,2,DRY,CLASE B-C,7,2,RF,CLASE B-C,3,5
1834,O,2,2,DRY,CLASE B-C,7,2,RF,CLASE B-C,2,5
1835,O,2,2,DRY,CLASE B-C,7,2,RF,CLASE B-C,3,5
1836,O,2,2,DRY,CLASE B-C,7,2,DRY,CLASE B-C,1,5
1837,O,2,2,DRY,CLASE B-C,7,2,DRY,CLASE B-C,2,5
1838,O,2,2,DRY,CLASE B-C,7,2,DRY,CLASE B-C,1,5
1839,O,2,2,DRY,CLASE B-C,7,2,DRY,CLASE B-C,4,5
1840,D,2,2,DRY,CLASE B-C,7,2,DRY,CLASE B-C,2,5
1841,O,2,2,DRY,CLASE B-C,7,2,DRY,CLASE B-C,2,5
1842,D,2,2,DRY,CLASE B-C,7,2,DRY,CLASE B-C,1,5
1843,D,2,2,DRY,CLASE B-C,9,2,DRY,CLASE B-C,3,5
1844,O,2,2,DRY,CLASE B-C,6,2,DRY,CLASE B-C,1,5
1845,D,2,2,DRY,CLASE D,6,2,DRY,CLASE B-C,1,5
1846,D,2,2,DRY,CLASE B-C,6,2,DRY,CLASE B-C,1,5
1847,O,2,2,DRY,CLASE B-C,6,2,DRY,CLASE B-C,1,5
1848,D,2,2,DRY,CLASE B-C,9,2,DRY,CLASE B-C,3,5
1849,O,2,2,DRY,CLASE B-C,9,2,DRY,CLASE B-C,3,5
1850,I,2,2,DRY,CLASE B-C,6,2,DRY,CLASE B-C,1,5
1851,O,2,2,DRY,CLASE B-C,9,2,DRY,CLASE B-C,3,5
1852,O,2,2,DRY,CLASE B-C,9,2,DRY,CLASE B-C,3,5
1853,D,2,2,DRY,CLASE B-C,9,2,DRY,CLASE B-C,3,5
1854,O,2,2,DRY,CLASE B-C,6,2,DRY,CLASE B-C,1,5
1855,D,2,2,DRY,CLASE B-C,6,2,DRY,CLASE B-C,1,5
1856,O,2,2,DRY,CLASE B-C,6,2,DRY,CLASE B-C,1,5
1857,O,2,2,DRY,CLASE B-C,1,2,DRY,CLASE B-C,3,5
1858,O,2,2,RF,CLASE B-C,6,2,DRY,CLASE B-C,1,5
1859,D,6,2,RF,CLASE B-C,6,2,DRY,CLASE B-C,1,5
1860,D,6,2,RF,CLASE B-C,6,2,DRY,CLASE B-C,1,5
1861,D,6,2,RF,CLASE B-C,6,2,DRY,CLASE B-C,1,5
1862,O,6,2,DRY,CLASE B-C,2,2,DRY,CLASE B-C,1,5
1863,O,6,2,DRY,CLASE B-C,2,2,DRY,CLASE B-C,1,5
1864,O,6,2,DRY,CLASE B-C,2,2,DRY,CLASE B-C,1,5
1865,O,6,2,DRY,CLASE B-C,2,2,DRY,CLASE B-C,1,5
1866,D,6,2,DRY,CLASE B-C,2,2,DRY,CLASE B-C,1,5
1867,O,6,2,RF,CLASE B-C,2,2,DRY,CLASE B-C,1,5
1868,O,6,2,DRY,CLASE B-C,2,2,DRY,CLASE B-C,1,5
1869,O,6,2,DRY,CLASE B-C,2,2,DRY,CLASE B-C,1,5
1870,D,6,2,DRY,CLASE B-C,2,2,DRY,CLASE B-C,1,5
1871,D,6,2,DRY,CLASE B-C,2,2,DRY,CLASE B-C,1,5
1872,O,6,2,DRY,CLASE B-C,2,2,DRY,CLASE B-C,1,5
1873,O,6,2,DRY,CLASE B-C,2,2,DRY,CLASE B-C,1,5
