Unnamed: 0,Owner,Size,Type,Quality,DaysInDeposit,week
0,2,2,DRY,CLASE B-C,28,5
1,2,2,DRY,CLASE B-C,28,5
2,2,2,DRY,CLASE B-C,29,5
3,2,2,DRY,CLASE B-C,28,5
4,2,2,DRY,CLASE B-C,30,5
5,2,2,DRY,CLASE B-C,28,5
6,2,2,DRY,CLASE B-C,32,5
7,2,2,DRY,CLASE B-C,25,5
8,2,2,DRY,CLASE B-C,30,5
9,2,2,DRY,CLASE B-C,30,5
10,2,2,DRY,CLASE B-C,21,5
11,2,2,DRY,CLASE B-C,30,5
12,1,2,DRY,CLASE B-C,31,5
13,2,2,DRY,CLASE B-C,21,5
14,1,2,DRY,CLASE B-C,82,5
15,1,2,DRY,CLASE B-C,85,5
16,9,2,DRY,CLASE B-C,39,5
17,2,2,DRY,CLASE A,28,5
18,2,2,DRY,CLASE B-C,30,5
19,6,2,DRY,CLASE B-C,15,5
20,6,2,DRY,CLASE B-C,9,5
21,7,2,DRY,CLASE B-C,4,5
22,7,2,DRY,CLASE B-C,4,5
23,7,2,DRY,CLASE B-C,4,5
24,7,2,DRY,CLASE A,4,5
25,7,2,DRY,CLASE B-C,4,5
26,7,2,DRY,CLASE B-C,4,5
27,7,2,DRY,CLASE D,4,5
28,7,2,DRY,CLASE B-C,4,5
29,7,2,DRY,CLASE B-C,4,5
30,1,2,DRY,CLASE B-C,41,5
31,1,2,DRY,CLASE B-C,38,5
32,3,2,DRY,CLASE A,19,5
33,3,2,DRY,CLASE A,19,5
34,3,2,DRY,CLASE B-C,23,5
35,2,2,DRY,CLASE B-C,30,5
36,2,2,DRY,CLASE A,28,5
37,2,2,DRY,CLASE B-C,30,5
38,3,2,DRY,CLASE B-C,18,5
39,3,2,DRY,CLASE B-C,24,5
40,3,2,DRY,CLASE B-C,24,5
41,1,1,DRY,CLASE B-C,5,5
42,1,1,DRY,CLASE B-C,5,5
43,7,2,DRY,CLASE B,4,5
44,7,2,DRY,CLASE B-C,4,5
45,7,2,DRY,CLASE B-C,4,5
46,7,2,DRY,CLASE A,4,5
47,7,2,DRY,CLASE B-C,4,5
48,7,2,DRY,CLASE B,4,5
49,7,2,DRY,CLASE B-C,4,5
50,7,2,DRY,CLASE B-C,4,5
51,7,2,DRY,CLASE B-C,4,5
52,7,2,DRY,CLASE B-C,4,5
53,7,2,DRY,CLASE B-C,4,5
54,7,2,DRY,CLASE B-C,4,5
55,7,2,DRY,CLASE B-C,4,5
56,7,2,DRY,CLASE B-C,4,5
57,7,2,DRY,CLASE B-C,4,5
58,7,2,DRY,CLASE B-C,4,5
59,7,2,DRY,CLASE B-C,4,5
60,1,2,DRY,CLASE B-C,4,5
61,6,2,DRY,CLASE B-C,1,5
62,3,2,DRY,CLASE B-C,74,5
63,5,2,DRY,CLASE B-C,47,5
64,5,2,DRY,CLASE B-C,46,5
65,2,2,DRY,CLASE B-C,29,5
66,3,2,DRY,CLASE A,19,5
67,2,2,DRY,CLASE B-C,30,5
68,2,2,DRY,CLASE B-C,28,5
69,2,2,DRY,CLASE B-C,30,5
70,2,2,DRY,CLASE B-C,30,5
71,2,2,DRY,CLASE B-C,25,5
72,2,2,DRY,CLASE B-C,28,5
73,2,2,DRY,CLASE B-C,25,5
74,1,2,DRY,CLASE B-C,31,5
75,3,2,DRY,CLASE B-C,18,5
76,3,2,DRY,CLASE B-C,24,5
77,3,2,DRY,CLASE B-C,24,5
78,3,2,DRY,CLASE B-C,18,5
79,3,2,DRY,CLASE B-C,18,5
80,3,2,DRY,CLASE B-C,24,5
81,6,2,DRY,CLASE B-C,15,5
82,7,2,RF,CLASE B-C,26,5
83,9,2,DRY,CLASE B-C,18,5
84,2,2,DRY,CLASE B-C,17,5
85,2,2,DRY,CLASE B-C,17,5
86,2,2,DRY,CLASE B-C,17,5
87,2,2,DRY,CLASE B-C,17,5
88,5,2,DRY,CLASE B-C,22,5
89,3,2,DRY,CLASE B-C,18,5
90,3,2,DRY,CLASE A,1,5
91,7,2,DRY,CLASE D,4,5
92,7,2,DRY,CLASE B-C,4,5
93,7,2,DRY,CLASE B-C,4,5
94,7,2,DRY,CLASE B-C,5,5
95,7,2,DRY,CLASE B-C,5,5
96,7,2,DRY,CLASE B-C,4,5
97,7,2,DRY,CLASE B-C,4,5
98,7,2,DRY,CLASE B-C,1,5
99,7,2,DRY,CLASE B-C,5,5
100,7,2,DRY,CLASE B-C,5,5
101,7,2,DRY,CLASE B-C,5,5
102,7,2,DRY,CLASE B-C,5,5
103,7,2,DRY,CLASE B-C,5,5
104,7,2,DRY,CLASE B-C,5,5
105,7,2,DRY,CLASE B-C,5,5
106,7,2,DRY,CLASE D,4,5
107,7,2,DRY,CLASE B-C,1,5
108,7,2,DRY,CLASE B-C,3,5
109,7,2,DRY,CLASE B-C,1,5
110,7,2,DRY,CLASE B-C,1,5
111,7,2,DRY,CLASE B-C,1,5
112,7,2,DRY,CLASE B-C,1,5
113,7,2,DRY,CLASE B-C,1,5
114,7,2,DRY,CLASE B-C,1,5
115,7,2,DRY,CLASE B-C,1,5
116,7,2,DRY,CLASE B-C,1,5
117,7,2,DRY,CLASE B-C,1,5
118,7,2,DRY,CLASE B-C,1,5
119,7,2,DRY,CLASE B-C,3,5
120,7,2,DRY,CLASE B-C,1,5
121,1,2,DRY,CLASE B-C,4,5
122,1,2,DRY,CLASE B-C,4,5
123,6,2,DRY,CLASE B-C,1,5
124,6,2,DRY,CLASE B-C,1,5
125,6,2,DRY,CLASE B-C,1,5
126,1,2,DRY,CLASE B-C,67,5
127,1,2,DRY,CLASE B-C,62,5
128,1,2,DRY,CLASE B-C,64,5
129,1,2,DRY,CLASE B-C,57,5
130,4,2,DRY,CLASE B-C,60,5
131,4,2,DRY,CLASE B-C,60,5
132,1,2,DRY,CLASE B-C,1,5
133,1,2,DRY,CLASE B-C,42,5
134,1,2,DRY,CLASE B-C,1,5
135,4,2,RF,CLASE B-C,49,5
136,7,2,RF,CLASE B-C,53,5
137,6,2,DRY,CLASE B-C,49,5
138,1,2,DRY,CLASE B-C,1,5
139,6,2,RF,CLASE B-C,36,5
140,2,2,DRY,CLASE B-C,31,5
141,2,2,DRY,CLASE B-C,31,5
142,2,2,DRY,CLASE B-C,31,5
143,2,2,DRY,CLASE B-C,31,5
144,2,2,DRY,CLASE B-C,31,5
145,2,2,DRY,CLASE B-C,31,5
146,2,2,DRY,CLASE B-C,31,5
147,2,2,DRY,CLASE B-C,31,5
148,2,2,DRY,CLASE B-C,31,5
149,2,2,DRY,CLASE B-C,31,5
150,1,2,DRY,CLASE B-C,33,5
151,1,2,RF,CLASE B-C,32,5
152,1,2,RF,CLASE B-C,21,5
153,1,2,DRY,CLASE B-C,18,5
154,2,2,DRY,CLASE B-C,21,5
155,2,2,DRY,CLASE B-C,21,5
156,2,2,DRY,CLASE B-C,22,5
157,2,2,DRY,CLASE B-C,25,5
158,2,2,DRY,CLASE B-C,25,5
159,2,2,DRY,CLASE B-C,21,5
160,2,2,DRY,CLASE B-C,30,5
161,2,2,DRY,CLASE B-C,30,5
162,2,2,DRY,CLASE B-C,21,5
163,1,2,DRY,CLASE B-C,31,5
164,1,2,DRY,CLASE B-C,31,5
165,3,2,DRY,CLASE B-C,18,5
166,3,2,DRY,CLASE B-C,18,5
167,3,2,DRY,CLASE A,18,5
168,3,2,DRY,CLASE B-C,18,5
169,6,2,DRY,CLASE B-C,15,5
170,6,2,DRY,CLASE B-C,15,5
171,6,2,DRY,CLASE B-C,15,5
172,6,2,DRY,CLASE B-C,15,5
173,6,2,RF,CLASE B-C,21,5
174,6,2,DRY,CLASE B-C,15,5
175,6,2,DRY,CLASE B-C,15,5
176,6,2,DRY,CLASE B-C,15,5
177,1,2,DRY,CLASE B-C,25,5
178,9,1,DRY,CLASE B-C,18,5
179,9,1,DRY,CLASE B-C,19,5
180,2,2,DRY,CLASE B-C,17,5
181,2,2,DRY,CLASE B-C,17,5
182,2,2,DRY,CLASE B-C,17,5
183,2,2,DRY,CLASE B-C,17,5
184,2,2,DRY,CLASE B-C,17,5
185,2,2,DRY,CLASE B-C,17,5
186,1,2,RF,CLASE B-C,22,5
187,1,2,RF,CLASE B-C,22,5
188,6,2,RF,CLASE B-C,18,5
189,6,2,RF,CLASE B-C,18,5
190,6,2,DRY,CLASE B-C,16,5
191,6,2,DRY,CLASE B-C,16,5
192,6,2,RF,CLASE B-C,19,5
193,6,2,RF,CLASE B-C,18,5
194,6,2,RF,CLASE B-C,18,5
195,6,2,DRY,CLASE B-C,16,5
196,6,2,DRY,CLASE B-C,16,5
197,1,2,DRY,CLASE B-C,18,5
198,6,2,DRY,CLASE B-C,9,5
199,6,2,DRY,CLASE B-C,9,5
200,1,1,DRY,CLASE B-C,4,5
201,1,1,DRY,CLASE B-C,5,5
202,1,2,DRY,CLASE B-C,4,5
203,1,2,DRY,CLASE B-C,11,5
204,1,2,DRY,CLASE B-C,10,5
205,1,2,DRY,CLASE B-C,10,5
206,1,2,DRY,CLASE B-C,10,5
207,1,2,DRY,CLASE B-C,10,5
208,6,2,DRY,CLASE B-C,1,5
209,7,2,DRY,CLASE B-C,1,5
210,7,2,DRY,CLASE B-C,1,5
211,7,2,DRY,CLASE B-C,1,5
212,7,2,DRY,CLASE B-C,1,5
213,7,2,DRY,CLASE B-C,1,5
214,7,2,DRY,CLASE B-C,1,5
215,7,2,DRY,CLASE B-C,1,5
216,7,2,DRY,CLASE B-C,1,5
217,7,2,DRY,CLASE B-C,1,5
218,7,2,DRY,CLASE B-C,1,5
219,7,2,DRY,CLASE B-C,1,5
220,7,2,DRY,CLASE B-C,1,5
221,1,2,DRY,CLASE B-C,6,5
222,1,2,DRY,CLASE B-C,6,5
223,7,2,DRY,CLASE B-C,1,5
224,7,2,DRY,CLASE B-C,1,5
225,7,2,DRY,CLASE B-C,3,5
226,7,2,DRY,CLASE B-C,1,5
227,7,2,DRY,CLASE B-C,1,5
228,7,2,DRY,CLASE B-C,1,5
229,7,2,DRY,CLASE B,1,5
230,7,2,DRY,CLASE B-C,1,5
231,7,2,DRY,CLASE B-C,1,5
232,7,2,DRY,CLASE B-C,1,5
233,7,2,DRY,CLASE B-C,1,5
234,7,2,DRY,CLASE B-C,1,5
235,7,2,DRY,CLASE B-C,1,5
236,7,2,DRY,CLASE B-C,1,5
237,7,2,DRY,CLASE B-C,1,5
238,7,2,DRY,CLASE B-C,1,5
239,7,2,DRY,CLASE B-C,1,5
240,7,2,DRY,CLASE B-C,1,5
241,7,2,DRY,CLASE B-C,1,5
242,7,2,DRY,CLASE B-C,1,5
243,7,2,DRY,CLASE B-C,1,5
244,7,2,DRY,CLASE B-C,1,5
245,7,2,DRY,CLASE B-C,1,5
246,7,2,DRY,CLASE B-C,1,5
247,7,2,DRY,CLASE B-C,1,5
248,7,2,DRY,CLASE B-C,1,5
249,7,2,DRY,CLASE B-C,1,5
250,7,2,DRY,CLASE B-C,1,5
251,7,2,DRY,CLASE B-C,1,5
252,6,2,DRY,CLASE B-C,1,5
253,6,2,DRY,CLASE B-C,1,5
254,1,1,DRY,CLASE D,61,5
255,1,1,DRY,CLASE D,112,5
256,1,1,DRY,CLASE D,81,5
257,1,1,DRY,CLASE B-C,86,5
258,1,1,DRY,CLASE D,81,5
259,1,1,DRY,CLASE B-C,83,5
260,1,1,DRY,CLASE B-C,83,5
261,1,1,DRY,CLASE B-C,83,5
262,7,1,DRY,CLASE D,76,5
263,7,1,DRY,CLASE D,76,5
264,1,1,DRY,CLASE B-C,76,5
265,1,1,DRY,CLASE D,77,5
266,1,1,DRY,CLASE D,77,5
267,1,1,DRY,CLASE B-C,77,5
268,1,1,DRY,CLASE D,77,5
269,1,1,DRY,CLASE B-C,57,5
270,1,1,DRY,CLASE B-C,57,5
271,1,1,DRY,CLASE B-C,58,5
272,1,1,DRY,CLASE B-C,58,5
273,1,1,DRY,CLASE B-C,57,5
274,1,1,DRY,CLASE B-C,58,5
275,1,1,DRY,CLASE B-C,58,5
276,1,1,DRY,CLASE B-C,58,5
277,1,1,DRY,CLASE B-C,58,5
278,1,1,DRY,CLASE B-C,58,5
279,1,1,DRY,CLASE D,57,5
280,1,1,DRY,CLASE B-C,56,5
281,1,1,DRY,CLASE B-C,56,5
282,1,1,DRY,CLASE D,56,5
283,1,1,DRY,CLASE B-C,56,5
284,1,1,DRY,CLASE B-C,55,5
285,1,1,DRY,CLASE D,55,5
286,1,1,DRY,CLASE B-C,54,5
287,4,2,DRY,CLASE B-C,61,5
288,6,2,RF,CLASE B-C,53,5
289,7,2,RF,CLASE B-C,53,5
290,1,2,DRY,CLASE B-C,41,5
291,7,1,DRY,CLASE B-C,39,5
292,6,2,DRY,CLASE B-C,44,5
293,6,2,DRY,CLASE B-C,1,5
294,6,2,DRY,CLASE B-C,1,5
295,6,2,DRY,CLASE B-C,44,5
296,6,2,DRY,CLASE B-C,1,5
297,6,2,DRY,CLASE B-C,44,5
298,6,2,DRY,CLASE B-C,44,5
299,6,2,DRY,CLASE B-C,44,5
300,6,2,DRY,CLASE B-C,44,5
301,6,2,DRY,CLASE B-C,44,5
302,6,2,DRY,CLASE B-C,1,5
303,6,2,RF,CLASE B-C,36,5
304,6,2,DRY,CLASE A,44,5
305,6,2,DRY,CLASE B,1,5
306,6,2,DRY,CLASE B-C,1,5
307,6,2,DRY,CLASE A,44,5
308,6,2,DRY,CLASE B-C,1,5
309,6,2,DRY,CLASE B-C,42,5
310,6,2,DRY,CLASE B-C,1,5
311,6,2,DRY,CLASE B-C,44,5
312,6,2,DRY,CLASE B-C,44,5
313,6,2,DRY,CLASE B-C,44,5
314,6,2,DRY,CLASE B-C,44,5
315,6,2,DRY,CLASE B-C,44,5
316,6,2,DRY,CLASE B-C,44,5
317,7,1,DRY,CLASE B-C,42,5
318,7,1,DRY,INSPECTION,11,5
319,7,1,DRY,CLASE B-C,6,5
320,7,1,DRY,CLASE B-C,6,5
321,7,1,DRY,INSPECTION,37,5
322,7,1,DRY,CLASE D,34,5
323,7,1,DRY,INSPECTION,32,5
324,4,2,RF,CLASE B-C,38,5
325,2,2,DRY,CLASE A,33,5
326,2,2,DRY,INSPECTION,34,5
327,5,2,DRY,INSPECTION,38,5
328,7,1,DRY,CLASE B-C,32,5
329,7,1,DRY,CLASE B-C,32,5
330,7,1,DRY,INSPECTION,32,5
331,7,1,DRY,CLASE D,22,5
332,7,1,DRY,INSPECTION,32,5
333,7,1,DRY,CLASE B-C,32,5
334,6,2,DRY,CLASE B-C,29,5
335,1,2,RF,CLASE B-C,31,5
336,2,2,DRY,CLASE A,29,5
337,2,2,DRY,CLASE B-C,29,5
338,2,2,DRY,CLASE B-C,31,5
339,2,2,DRY,CLASE A,28,5
340,2,2,DRY,CLASE A,28,5
341,2,2,DRY,CLASE A,28,5
342,2,2,DRY,CLASE A,28,5
343,2,2,DRY,CLASE B-C,27,5
344,2,2,DRY,CLASE B-C,28,5
345,2,2,DRY,CLASE B-C,28,5
346,2,2,DRY,CLASE B-C,28,5
347,5,2,DRY,INSPECTION,31,5
348,3,2,DRY,CLASE B-C,25,5
349,3,2,DRY,CLASE A,18,5
350,3,2,DRY,CLASE A,1,5
351,9,2,DRY,CLASE B-C,2,5
352,2,2,DRY,INSPECTION,21,5
353,2,2,DRY,CLASE B-C,21,5
354,5,2,DRY,CLASE B-C,22,5
355,5,2,DRY,CLASE B-C,22,5
356,1,2,RF,CLASE B-C,22,5
357,1,1,DRY,INSPECTION,19,5
358,1,2,RF,CLASE B-C,18,5
359,1,2,DRY,CLASE B-C,21,5
360,1,2,RF,CLASE B-C,22,5
361,6,2,DRY,CLASE B-C,20,5
362,6,2,RF,CLASE B-C,19,5
363,6,2,DRY,CLASE B-C,16,5
364,6,2,DRY,CLASE B-C,16,5
365,6,2,DRY,CLASE B-C,16,5
366,6,2,DRY,CLASE B-C,15,5
367,6,2,DRY,CLASE B-C,16,5
368,6,2,DRY,CLASE B-C,16,5
369,6,2,DRY,CLASE B-C,20,5
370,6,2,DRY,CLASE B-C,16,5
371,6,2,DRY,CLASE B-C,20,5
372,6,2,DRY,CLASE B-C,20,5
373,6,2,DRY,CLASE B-C,20,5
374,6,2,DRY,CLASE B-C,20,5
375,6,2,DRY,CLASE B-C,16,5
376,6,2,DRY,CLASE B-C,20,5
377,6,2,DRY,CLASE B-C,16,5
378,6,2,DRY,CLASE B-C,16,5
379,6,2,DRY,CLASE B-C,16,5
380,6,2,DRY,CLASE B-C,15,5
381,6,2,RF,CLASE B-C,20,5
382,6,2,RF,CLASE B-C,18,5
383,6,2,RF,CLASE B-C,18,5
384,6,2,DRY,CLASE B-C,16,5
385,6,2,DRY,CLASE B-C,20,5
386,6,2,DRY,CLASE B-C,20,5
387,6,2,DRY,CLASE B-C,15,5
388,6,2,DRY,CLASE B-C,20,5
389,6,2,DRY,CLASE B-C,20,5
390,6,2,DRY,CLASE B-C,16,5
391,6,2,DRY,CLASE B-C,16,5
392,6,2,DRY,CLASE B-C,16,5
393,6,2,DRY,CLASE B-C,16,5
394,6,2,DRY,CLASE B-C,16,5
395,6,2,DRY,CLASE B-C,16,5
396,6,2,DRY,CLASE B-C,20,5
397,6,2,DRY,CLASE B-C,16,5
398,6,2,DRY,CLASE B-C,20,5
399,6,2,DRY,CLASE B-C,19,5
400,6,2,DRY,CLASE B-C,20,5
401,6,2,DRY,CLASE B-C,16,5
402,6,2,DRY,CLASE B-C,19,5
403,6,2,DRY,CLASE B-C,18,5
404,3,1,DRY,CLASE B-C,12,5
405,6,2,DRY,CLASE B-C,9,5
406,6,2,DRY,CLASE B-C,9,5
407,6,2,DRY,CLASE B-C,9,5
408,6,2,DRY,CLASE B-C,9,5
409,6,2,DRY,CLASE B-C,9,5
410,6,2,DRY,CLASE B-C,9,5
411,6,2,DRY,CLASE B-C,9,5
412,6,2,DRY,CLASE B-C,9,5
413,6,2,DRY,CLASE B-C,9,5
414,7,1,DRY,INSPECTION,8,5
415,9,2,DRY,CLASE B-C,6,5
416,9,2,DRY,CLASE B-C,6,5
417,9,2,DRY,CLASE B-C,6,5
418,9,2,DRY,CLASE B-C,6,5
419,9,2,DRY,CLASE B-C,7,5
420,1,1,DRY,CLASE B-C,9,5
421,1,1,DRY,CLASE B-C,5,5
422,1,1,DRY,CLASE B-C,8,5
423,1,1,DRY,CLASE B-C,4,5
424,1,1,DRY,CLASE B-C,9,5
425,1,1,DRY,CLASE B-C,8,5
426,1,1,DRY,CLASE B-C,9,5
427,1,2,DRY,CLASE B-C,10,5
428,7,2,RF,CLASE B-C,3,5
429,7,2,DRY,CLASE B-C,1,5
430,7,2,DRY,CLASE B-C,1,5
431,7,2,DRY,CLASE B-C,1,5
432,7,2,DRY,CLASE B-C,1,5
433,7,2,DRY,CLASE B-C,1,5
434,7,2,DRY,CLASE B-C,1,5
435,7,2,DRY,CLASE B-C,1,5
436,7,2,DRY,CLASE B-C,1,5
437,7,2,DRY,CLASE B-C,1,5
438,7,2,DRY,CLASE B-C,1,5
439,7,2,DRY,CLASE B-C,1,5
440,7,2,DRY,CLASE B-C,1,5
441,7,2,DRY,CLASE B-C,2,5
442,7,2,DRY,CLASE B-C,1,5
443,7,2,DRY,CLASE B-C,2,5
444,7,2,DRY,CLASE B-C,2,5
445,7,2,DRY,CLASE B-C,1,5
446,7,2,DRY,CLASE B-C,2,5
447,7,2,DRY,CLASE B-C,2,5
448,7,2,DRY,CLASE B-C,1,5
449,7,2,DRY,CLASE B-C,2,5
450,7,2,DRY,CLASE B-C,1,5
451,7,2,DRY,CLASE B-C,2,5
452,7,2,DRY,CLASE B-C,1,5
453,7,2,DRY,CLASE B,2,5
454,7,2,DRY,CLASE B-C,1,5
455,7,2,DRY,CLASE B-C,1,5
456,7,2,DRY,CLASE A,1,5
457,7,2,DRY,CLASE B,1,5
458,7,2,DRY,CLASE A,1,5
459,7,2,DRY,CLASE A,1,5
460,7,2,DRY,CLASE A,1,5
461,7,2,DRY,CLASE B-C,1,5
462,7,2,DRY,CLASE B,1,5
463,7,2,DRY,CLASE B,1,5
464,7,2,DRY,CLASE B-C,2,5
465,7,2,DRY,CLASE B-C,2,5
466,7,2,DRY,CLASE B-C,2,5
467,7,2,DRY,CLASE B-C,1,5
468,7,2,DRY,INSPECTION,1,5
469,7,2,DRY,CLASE B-C,1,5
470,7,2,DRY,CLASE B-C,1,5
471,7,2,DRY,CLASE B-C,1,5
472,7,2,DRY,CLASE B-C,2,5
473,7,2,DRY,CLASE B-C,2,5
474,7,2,DRY,CLASE B-C,2,5
475,7,2,DRY,CLASE B-C,2,5
476,7,2,DRY,CLASE B-C,1,5
477,7,2,DRY,CLASE B-C,1,5
478,7,2,DRY,CLASE B-C,2,5
479,7,2,DRY,CLASE B-C,1,5
480,7,2,DRY,CLASE B-C,2,5
481,7,2,DRY,CLASE B-C,2,5
482,7,2,RF,CLASE B-C,3,5
483,7,2,DRY,CLASE B-C,2,5
484,7,2,DRY,CLASE B-C,2,5
485,7,2,DRY,CLASE B-C,1,5
486,7,2,DRY,CLASE B-C,2,5
487,7,2,DRY,CLASE B-C,2,5
488,7,2,DRY,CLASE B-C,1,5
489,7,2,DRY,CLASE B-C,2,5
490,7,2,DRY,CLASE B-C,2,5
491,7,2,DRY,CLASE D,1,5
492,7,2,DRY,CLASE B-C,1,5
493,7,2,DRY,CLASE B-C,2,5
494,7,2,DRY,CLASE B-C,1,5
495,7,2,DRY,CLASE B-C,2,5
496,7,2,DRY,CLASE B-C,1,5
497,7,2,DRY,CLASE B-C,2,5
498,7,2,DRY,CLASE D,1,5
499,7,2,DRY,CLASE B-C,2,5
500,7,2,DRY,CLASE B-C,2,5
501,7,2,DRY,CLASE B-C,1,5
502,7,2,DRY,CLASE B-C,2,5
503,7,2,DRY,CLASE B-C,1,5
504,7,2,DRY,CLASE B-C,2,5
505,7,2,DRY,CLASE B-C,2,5
506,7,2,DRY,CLASE B-C,2,5
507,7,2,DRY,CLASE B-C,1,5
508,6,2,DRY,CLASE B-C,3,5
509,6,2,DRY,CLASE B-C,4,5
510,2,1,DRY,INSPECTION,76,5
511,2,2,RF,INSPECTION,79,5
512,1,1,DRY,INSPECTION,72,5
513,1,1,DRY,INSPECTION,72,5
514,1,2,DRY,CLASE B-C,73,5
515,1,2,RF,INSPECTION,77,5
516,3,2,DRY,CLASE B-C,76,5
517,3,2,DRY,CLASE B-C,76,5
518,1,2,DRY,CLASE B-C,71,5
519,1,1,DRY,INSPECTION,64,5
520,1,1,DRY,INSPECTION,61,5
521,1,1,DRY,CLASE B-C,64,5
522,1,1,DRY,INSPECTION,59,5
523,1,2,DRY,CLASE B-C,62,5
524,1,1,DRY,INSPECTION,62,5
525,1,1,DRY,INSPECTION,63,5
526,1,1,DRY,INSPECTION,62,5
527,1,2,DRY,CLASE B-C,63,5
528,1,2,DRY,CLASE B-C,63,5
529,1,2,DRY,CLASE B-C,62,5
530,1,2,DRY,CLASE B-C,62,5
531,4,2,DRY,CLASE B-C,60,5
532,4,2,DRY,CLASE B-C,60,5
533,2,1,DRY,INSPECTION,44,5
534,1,1,DRY,INSPECTION,63,5
535,6,2,DRY,CLASE B-C,60,5
536,1,1,DRY,INSPECTION,55,5
537,1,1,DRY,INSPECTION,55,5
538,1,1,DRY,INSPECTION,55,5
539,1,1,DRY,INSPECTION,58,5
540,1,1,DRY,INSPECTION,55,5
541,1,1,DRY,INSPECTION,55,5
542,1,1,DRY,INSPECTION,58,5
543,1,1,DRY,INSPECTION,55,5
544,2,1,DRY,CLASE B-C,56,5
545,2,1,DRY,INSPECTION,56,5
546,2,2,DRY,INSPECTION,47,5
547,2,1,DRY,CLASE B-C,56,5
548,2,1,DRY,INSPECTION,56,5
549,2,1,DRY,INSPECTION,56,5
550,2,1,DRY,INSPECTION,57,5
551,4,2,DRY,CLASE B-C,61,5
552,4,2,DRY,CLASE B-C,61,5
553,4,2,DRY,CLASE B-C,62,5
554,4,2,DRY,CLASE B-C,62,5
555,4,2,DRY,CLASE B-C,63,5
556,4,2,DRY,CLASE B-C,63,5
557,4,2,DRY,CLASE B-C,61,5
558,4,2,DRY,CLASE B-C,61,5
559,4,2,DRY,CLASE B-C,63,5
560,4,2,DRY,CLASE B-C,61,5
561,4,2,DRY,CLASE B-C,61,5
562,4,2,DRY,CLASE B-C,61,5
563,4,2,DRY,CLASE B-C,62,5
564,4,2,DRY,CLASE B-C,62,5
565,4,2,DRY,CLASE B-C,62,5
566,4,2,DRY,CLASE B-C,62,5
567,4,2,DRY,CLASE B-C,61,5
568,4,2,DRY,CLASE B-C,61,5
569,6,2,RF,CLASE B-C,50,5
570,1,2,DRY,CLASE B-C,50,5
571,1,2,DRY,CLASE B-C,42,5
572,1,2,DRY,CLASE B-C,49,5
573,1,2,DRY,CLASE B-C,49,5
574,1,2,DRY,CLASE B-C,50,5
575,2,2,DRY,CLASE B-C,53,5
576,2,1,DRY,INSPECTION,48,5
577,2,1,DRY,INSPECTION,50,5
578,2,1,DRY,INSPECTION,51,5
579,2,1,DRY,INSPECTION,51,5
580,2,1,DRY,INSPECTION,51,5
581,2,2,DRY,INSPECTION,49,5
582,2,2,DRY,INSPECTION,43,5
583,2,2,DRY,INSPECTION,49,5
584,2,1,DRY,INSPECTION,50,5
585,2,1,DRY,INSPECTION,49,5
586,2,1,DRY,INSPECTION,51,5
587,2,2,DRY,INSPECTION,45,5
588,2,2,DRY,INSPECTION,54,5
589,2,1,DRY,INSPECTION,50,5
590,2,2,DRY,INSPECTION,55,5
591,2,1,DRY,INSPECTION,50,5
592,2,1,DRY,INSPECTION,50,5
593,2,2,DRY,INSPECTION,43,5
594,7,2,RF,CLASE B-C,51,5
595,7,2,RF,CLASE B-C,53,5
596,7,2,RF,CLASE B-C,51,5
597,7,2,RF,CLASE B-C,51,5
598,3,2,DRY,CLASE B-C,49,5
599,1,2,DRY,CLASE B-C,50,5
600,1,2,DRY,CLASE B-C,50,5
601,1,2,DRY,CLASE B-C,50,5
602,2,2,DRY,INSPECTION,48,5
603,2,2,DRY,INSPECTION,43,5
604,2,2,DRY,INSPECTION,48,5
605,2,1,DRY,INSPECTION,41,5
606,2,2,DRY,INSPECTION,48,5
607,2,2,DRY,INSPECTION,48,5
608,2,1,DRY,INSPECTION,41,5
609,2,1,DRY,INSPECTION,42,5
610,2,1,DRY,INSPECTION,41,5
611,2,2,DRY,INSPECTION,47,5
612,1,1,DRY,INSPECTION,34,5
613,6,2,DRY,CLASE B-C,44,5
614,6,2,DRY,CLASE B-C,44,5
615,6,2,DRY,CLASE B-C,44,5
616,6,2,RF,CLASE B-C,37,5
617,6,2,DRY,CLASE B-C,44,5
618,6,2,DRY,CLASE B-C,44,5
619,6,2,DRY,CLASE B-C,44,5
620,6,2,RF,CLASE B-C,37,5
621,6,2,RF,CLASE B-C,37,5
622,6,2,RF,CLASE B-C,37,5
623,6,2,DRY,CLASE B-C,44,5
624,6,2,DRY,CLASE B-C,1,5
625,6,2,RF,CLASE B-C,40,5
626,4,2,DRY,INSPECTION,45,5
627,2,1,DRY,INSPECTION,34,5
628,2,2,DRY,CLASE B-C,31,5
629,2,2,DRY,CLASE B-C,40,5
630,2,1,DRY,INSPECTION,34,5
631,2,2,DRY,INSPECTION,31,5
632,2,2,DRY,INSPECTION,40,5
633,2,2,DRY,INSPECTION,31,5
634,2,1,DRY,INSPECTION,37,5
635,2,2,DRY,INSPECTION,33,5
636,2,2,DRY,INSPECTION,39,5
637,2,1,DRY,INSPECTION,34,5
638,2,1,DRY,INSPECTION,33,5
639,2,2,DRY,INSPECTION,31,5
640,2,2,DRY,INSPECTION,40,5
641,2,1,DRY,INSPECTION,27,5
642,2,1,DRY,INSPECTION,27,5
643,2,1,DRY,INSPECTION,27,5
644,2,2,DRY,INSPECTION,36,5
645,2,1,DRY,INSPECTION,27,5
646,2,2,DRY,INSPECTION,35,5
647,2,1,DRY,INSPECTION,33,5
648,2,1,DRY,INSPECTION,33,5
649,2,1,DRY,INSPECTION,33,5
650,2,1,DRY,INSPECTION,33,5
651,2,2,DRY,CLASE B-C,39,5
652,2,2,DRY,INSPECTION,40,5
653,2,2,DRY,INSPECTION,29,5
654,2,2,DRY,INSPECTION,36,5
655,2,1,DRY,INSPECTION,34,5
656,2,1,DRY,INSPECTION,30,5
657,2,1,DRY,INSPECTION,36,5
658,2,2,DRY,INSPECTION,40,5
659,2,1,DRY,INSPECTION,27,5
660,2,1,DRY,INSPECTION,35,5
661,2,1,DRY,INSPECTION,33,5
662,2,2,DRY,INSPECTION,41,5
663,2,2,DRY,INSPECTION,34,5
664,2,2,DRY,INSPECTION,35,5
665,2,2,DRY,INSPECTION,29,5
666,2,1,DRY,INSPECTION,33,5
667,2,1,DRY,INSPECTION,34,5
668,2,1,DRY,INSPECTION,34,5
669,3,2,DRY,CLASE B-C,25,5
670,3,2,DRY,CLASE A,24,5
671,3,2,DRY,CLASE B-C,25,5
672,3,2,DRY,CLASE A,24,5
673,7,2,DRY,CLASE B-C,33,5
674,7,2,DRY,CLASE B-C,36,5
675,6,2,RF,CLASE B-C,32,5
676,6,2,RF,CLASE B-C,32,5
677,6,2,RF,CLASE B-C,32,5
678,6,2,RF,CLASE B-C,32,5
679,6,2,RF,CLASE B-C,26,5
680,6,2,RF,CLASE B-C,32,5
681,1,1,DRY,CLASE B-C,15,5
682,1,1,DRY,CLASE B-C,15,5
683,1,2,DRY,CLASE B-C,28,5
684,2,2,DRY,CLASE B-C,31,5
685,2,2,DRY,CLASE B-C,31,5
686,2,2,DRY,INSPECTION,30,5
687,2,2,DRY,CLASE B-C,31,5
688,2,2,DRY,CLASE B-C,31,5
689,2,2,DRY,CLASE B-C,31,5
690,2,2,DRY,CLASE B-C,24,5
691,2,2,DRY,CLASE B-C,31,5
692,2,2,DRY,CLASE B-C,31,5
693,2,2,DRY,CLASE B-C,28,5
694,2,2,DRY,CLASE B-C,31,5
695,2,2,DRY,CLASE B-C,31,5
696,2,2,DRY,CLASE B-C,31,5
697,2,2,DRY,INSPECTION,30,5
698,2,2,DRY,INSPECTION,30,5
699,2,2,DRY,INSPECTION,30,5
700,2,2,DRY,CLASE B-C,31,5
701,2,2,DRY,INSPECTION,31,5
702,2,2,DRY,CLASE B-C,31,5
703,2,2,DRY,CLASE B-C,31,5
704,2,2,DRY,CLASE B-C,31,5
705,2,2,DRY,CLASE B-C,31,5
706,2,2,DRY,INSPECTION,33,5
707,2,2,DRY,CLASE B-C,31,5
708,2,2,DRY,CLASE B-C,29,5
709,2,2,DRY,CLASE B-C,31,5
710,2,2,DRY,CLASE B-C,31,5
711,2,2,DRY,CLASE B-C,31,5
712,2,2,DRY,INSPECTION,30,5
713,2,2,DRY,CLASE B-C,31,5
714,2,2,DRY,CLASE B-C,31,5
715,2,2,DRY,CLASE B-C,31,5
716,2,2,DRY,CLASE B-C,23,5
717,2,2,DRY,CLASE B-C,31,5
718,2,1,DRY,INSPECTION,29,5
719,2,1,DRY,INSPECTION,26,5
720,2,2,DRY,INSPECTION,33,5
721,2,2,DRY,CLASE B-C,31,5
722,2,2,DRY,INSPECTION,27,5
723,2,2,DRY,CLASE B-C,31,5
724,2,2,DRY,CLASE B-C,27,5
725,2,2,DRY,CLASE B-C,31,5
726,2,1,DRY,INSPECTION,26,5
727,2,1,DRY,INSPECTION,27,5
728,2,2,DRY,CLASE B-C,31,5
729,2,2,DRY,INSPECTION,33,5
730,2,2,DRY,INSPECTION,32,5
731,2,2,DRY,INSPECTION,27,5
732,2,2,DRY,CLASE B-C,32,5
733,3,2,DRY,CLASE A,19,5
734,3,2,DRY,CLASE A,19,5
735,3,2,DRY,CLASE A,19,5
736,3,2,DRY,CLASE A,19,5
737,3,2,DRY,CLASE A,19,5
738,3,2,DRY,CLASE A,19,5
739,3,2,DRY,CLASE B-C,15,5
740,6,2,RF,CLASE B-C,22,5
741,6,2,DRY,CLASE B-C,23,5
742,7,2,RF,CLASE B-C,27,5
743,7,2,DRY,CLASE B-C,26,5
744,7,2,RF,CLASE B-C,30,5
745,2,2,DRY,INSPECTION,27,5
746,4,2,DRY,INSPECTION,26,5
747,4,2,DRY,INSPECTION,26,5
748,4,2,DRY,INSPECTION,22,5
749,4,2,DRY,INSPECTION,21,5
750,4,2,DRY,INSPECTION,26,5
751,4,1,DRY,CLASE D,20,5
752,4,1,DRY,CLASE B-C,20,5
753,4,1,DRY,INSPECTION,20,5
754,4,1,DRY,CLASE B-C,20,5
755,4,1,DRY,CLASE B-C,20,5
756,2,1,DRY,INSPECTION,20,5
757,2,2,DRY,INSPECTION,19,5
758,2,1,DRY,INSPECTION,20,5
759,2,2,DRY,INSPECTION,21,5
760,2,2,DRY,INSPECTION,19,5
761,2,2,DRY,CLASE B-C,20,5
762,2,2,DRY,CLASE B-C,20,5
763,2,1,DRY,CLASE B-C,14,5
764,2,2,DRY,CLASE B-C,20,5
765,2,2,DRY,CLASE B-C,20,5
766,2,2,DRY,CLASE B-C,20,5
767,2,2,DRY,INSPECTION,21,5
768,2,2,DRY,INSPECTION,22,5
769,2,2,DRY,INSPECTION,20,5
770,2,2,DRY,INSPECTION,21,5
771,2,2,DRY,INSPECTION,19,5
772,2,2,DRY,INSPECTION,18,5
773,2,2,DRY,INSPECTION,22,5
774,2,2,DRY,INSPECTION,22,5
775,2,2,DRY,INSPECTION,22,5
776,2,2,DRY,INSPECTION,21,5
777,2,2,DRY,CLASE B-C,18,5
778,2,2,DRY,CLASE B-C,20,5
779,2,2,DRY,CLASE B-C,20,5
780,2,2,DRY,CLASE B-C,20,5
781,2,1,DRY,INSPECTION,20,5
782,2,2,DRY,CLASE B-C,20,5
783,2,2,DRY,CLASE B-C,20,5
784,2,1,DRY,INSPECTION,20,5
785,2,1,DRY,INSPECTION,16,5
786,2,2,DRY,INSPECTION,22,5
787,2,2,DRY,INSPECTION,20,5
788,2,1,DRY,INSPECTION,21,5
789,2,1,DRY,INSPECTION,20,5
790,2,1,DRY,INSPECTION,20,5
791,2,1,DRY,INSPECTION,16,5
792,2,1,DRY,INSPECTION,18,5
793,2,1,DRY,INSPECTION,20,5
794,2,2,DRY,INSPECTION,21,5
795,2,2,DRY,INSPECTION,21,5
796,2,2,DRY,INSPECTION,21,5
797,2,2,DRY,INSPECTION,22,5
798,5,2,DRY,CLASE B-C,22,5
799,5,1,DRY,INSPECTION,19,5
800,5,2,DRY,CLASE B-C,22,5
801,5,2,DRY,CLASE B-C,22,5
802,5,2,DRY,CLASE B-C,22,5
803,5,2,DRY,CLASE B-C,24,5
804,5,1,DRY,INSPECTION,19,5
805,5,2,DRY,CLASE B-C,22,5
806,5,2,DRY,CLASE B-C,22,5
807,5,2,DRY,CLASE B-C,22,5
808,5,2,DRY,INSPECTION,22,5
809,5,2,DRY,CLASE B-C,22,5
810,5,2,DRY,CLASE B-C,22,5
811,5,2,DRY,CLASE B-C,22,5
812,3,2,DRY,CLASE B-C,20,5
813,3,2,DRY,CLASE B-C,20,5
814,3,2,DRY,CLASE B-C,20,5
815,3,2,DRY,CLASE B-C,20,5
816,3,2,DRY,CLASE B-C,20,5
817,3,2,DRY,CLASE B-C,19,5
818,3,2,DRY,CLASE B-C,1,5
819,3,2,DRY,CLASE A,18,5
820,3,2,DRY,CLASE B-C,20,5
821,3,2,DRY,CLASE B-C,20,5
822,3,2,DRY,CLASE B-C,19,5
823,6,2,DRY,CLASE B-C,10,5
824,7,2,DRY,CLASE B-C,1,5
825,4,1,DRY,CLASE B-C,7,5
826,2,1,DRY,INSPECTION,8,5
827,2,1,DRY,CLASE B-C,7,5
828,2,1,DRY,INSPECTION,7,5
829,2,1,DRY,INSPECTION,8,5
830,2,1,DRY,INSPECTION,7,5
831,2,1,DRY,INSPECTION,7,5
832,2,1,DRY,INSPECTION,7,5
833,2,1,DRY,INSPECTION,7,5
834,2,1,DRY,INSPECTION,8,5
835,2,1,DRY,INSPECTION,7,5
836,5,2,DRY,CLASE B-C,8,5
837,5,2,DRY,CLASE B-C,7,5
838,5,2,DRY,CLASE B-C,7,5
839,5,2,DRY,CLASE B-C,7,5
840,5,2,DRY,CLASE B-C,7,5
841,1,2,DRY,CLASE B-C,2,5
842,1,1,DRY,CLASE B-C,9,5
843,1,1,DRY,CLASE B-C,9,5
844,1,1,DRY,CLASE B-C,9,5
845,2,1,DRY,INSPECTION,9,5
846,3,2,DRY,CLASE A,5,5
847,3,2,DRY,CLASE B-C,2,5
848,6,2,DRY,CLASE B-C,2,5
849,6,2,DRY,CLASE B-C,1,5
850,6,2,DRY,CLASE B-C,4,5
851,6,2,RF,CLASE B-C,5,5
852,6,2,RF,CLASE B-C,5,5
853,6,2,RF,CLASE B-C,5,5
854,6,2,DRY,CLASE B-C,1,5
855,6,2,DRY,CLASE B-C,1,5
856,7,2,DRY,CLASE B-C,6,5
857,7,2,DRY,CLASE B,6,5
858,7,2,DRY,CLASE B,1,5
859,7,2,DRY,CLASE A,3,5
860,7,2,DRY,CLASE B-C,6,5
861,7,2,DRY,CLASE B-C,5,5
862,7,2,DRY,CLASE B-C,5,5
863,7,2,DRY,CLASE B-C,5,5
864,7,2,DRY,CLASE B-C,6,5
865,7,2,DRY,CLASE B-C,6,5
866,7,2,DRY,CLASE B-C,5,5
867,7,2,DRY,CLASE B-C,6,5
868,7,2,DRY,CLASE B-C,6,5
869,7,2,DRY,CLASE B-C,5,5
870,7,2,DRY,CLASE B-C,5,5
871,7,2,DRY,CLASE B-C,5,5
872,7,2,DRY,CLASE B-C,6,5
873,7,2,DRY,CLASE B-C,1,5
874,7,2,DRY,CLASE B-C,6,5
875,7,2,DRY,CLASE B-C,6,5
876,7,2,DRY,CLASE B-C,6,5
877,7,2,DRY,CLASE B-C,6,5
878,7,2,DRY,CLASE B-C,5,5
879,7,2,DRY,CLASE B-C,6,5
880,7,2,DRY,CLASE B-C,6,5
881,7,2,DRY,CLASE B-C,5,5
882,7,2,DRY,CLASE B-C,6,5
883,7,2,DRY,CLASE B-C,6,5
884,7,2,DRY,CLASE B-C,1,5
885,7,2,DRY,CLASE B-C,6,5
886,7,2,DRY,CLASE B,1,5
887,7,2,DRY,CLASE B-C,1,5
888,7,2,DRY,CLASE B-C,5,5
889,7,2,DRY,CLASE B-C,5,5
890,7,2,DRY,CLASE B-C,5,5
891,7,2,DRY,CLASE B-C,5,5
892,7,2,DRY,CLASE B-C,1,5
893,7,2,DRY,CLASE B-C,6,5
894,7,2,DRY,CLASE B-C,6,5
895,7,2,DRY,CLASE B-C,6,5
896,7,2,DRY,CLASE B-C,6,5
897,7,2,DRY,CLASE B-C,6,5
898,7,2,DRY,CLASE B-C,6,5
899,7,2,DRY,CLASE B-C,5,5
900,7,2,DRY,CLASE B-C,6,5
901,7,2,DRY,CLASE B-C,1,5
902,7,2,DRY,CLASE B-C,5,5
903,7,2,DRY,CLASE B-C,6,5
904,7,2,DRY,CLASE B-C,1,5
905,7,2,DRY,CLASE B-C,1,5
906,7,2,DRY,CLASE B-C,4,5
907,7,2,DRY,CLASE B-C,1,5
908,7,2,DRY,CLASE B-C,6,5
909,7,2,DRY,CLASE B-C,6,5
910,7,2,DRY,CLASE B-C,5,5
911,7,2,DRY,CLASE B-C,1,5
912,7,2,DRY,CLASE B-C,6,5
913,7,2,DRY,CLASE B-C,2,5
914,7,2,DRY,CLASE B-C,6,5
915,7,2,DRY,CLASE B-C,4,5
916,7,2,DRY,CLASE B-C,5,5
917,7,2,DRY,CLASE B-C,6,5
918,7,2,DRY,CLASE B-C,6,5
919,7,2,DRY,CLASE B-C,1,5
920,7,2,DRY,CLASE B-C,5,5
921,7,2,DRY,CLASE B-C,1,5
922,7,2,DRY,CLASE B-C,2,5
923,7,2,DRY,CLASE B-C,6,5
924,7,2,DRY,CLASE B-C,4,5
925,7,2,DRY,CLASE B-C,6,5
926,7,2,DRY,CLASE B-C,2,5
927,7,2,DRY,CLASE B-C,6,5
928,7,2,DRY,CLASE B-C,5,5
929,7,2,DRY,CLASE B-C,1,5
930,7,2,DRY,CLASE B-C,5,5
931,7,2,DRY,CLASE B-C,6,5
932,7,2,DRY,CLASE B-C,1,5
933,7,2,DRY,CLASE B-C,1,5
934,7,2,DRY,CLASE B-C,1,5
935,7,2,DRY,CLASE B-C,6,5
936,7,2,DRY,CLASE B-C,6,5
937,7,2,DRY,CLASE B-C,7,5
938,7,2,DRY,CLASE B-C,6,5
939,7,2,DRY,CLASE B-C,6,5
940,7,2,DRY,CLASE B-C,1,5
941,7,2,DRY,CLASE B-C,6,5
942,7,2,DRY,CLASE B-C,6,5
943,7,2,DRY,CLASE B-C,6,5
944,7,2,DRY,CLASE A,6,5
945,7,2,DRY,CLASE B-C,6,5
946,7,2,DRY,CLASE B-C,6,5
947,7,2,DRY,CLASE B-C,6,5
948,7,2,DRY,CLASE B-C,1,5
949,7,2,DRY,CLASE B-C,4,5
950,7,2,DRY,CLASE B-C,1,5
951,7,2,DRY,CLASE B-C,6,5
952,7,2,DRY,CLASE B-C,5,5
953,7,2,DRY,CLASE B-C,6,5
954,7,2,DRY,CLASE B-C,1,5
955,7,2,DRY,CLASE B-C,4,5
956,7,2,DRY,CLASE D,1,5
957,7,2,DRY,CLASE B-C,5,5
958,7,2,DRY,CLASE B-C,6,5
959,7,2,DRY,CLASE B-C,1,5
960,7,2,DRY,CLASE B-C,2,5
961,7,2,DRY,CLASE B-C,5,5
962,7,2,DRY,CLASE B,1,5
963,7,2,DRY,CLASE B-C,6,5
964,7,2,DRY,CLASE B-C,5,5
965,7,2,DRY,CLASE B-C,5,5
966,7,2,DRY,CLASE B-C,2,5
967,7,2,DRY,CLASE B-C,6,5
968,7,2,DRY,CLASE B-C,1,5
969,7,2,DRY,CLASE B-C,3,5
970,7,2,DRY,CLASE B-C,5,5
971,7,2,DRY,CLASE B-C,4,5
972,7,2,DRY,CLASE B-C,1,5
973,7,2,DRY,CLASE B-C,2,5
974,7,2,DRY,CLASE B-C,1,5
975,7,2,DRY,CLASE B-C,4,5
976,7,2,DRY,CLASE B-C,4,5
977,7,2,DRY,CLASE B,1,5
978,7,2,DRY,CLASE B-C,1,5
979,7,2,DRY,CLASE B-C,1,5
980,7,2,DRY,CLASE B-C,4,5
981,7,2,DRY,CLASE B-C,1,5
982,7,2,DRY,CLASE B-C,1,5
983,7,2,DRY,CLASE B-C,2,5
984,7,2,DRY,CLASE B-C,1,5
985,7,2,DRY,CLASE B-C,5,5
986,7,2,DRY,CLASE B-C,1,5
987,7,2,DRY,CLASE B-C,1,5
988,7,2,DRY,CLASE B-C,1,5
989,7,2,DRY,CLASE B-C,1,5
990,7,2,DRY,CLASE B-C,4,5
991,7,2,DRY,CLASE B-C,5,5
992,7,2,DRY,CLASE B-C,1,5
993,7,2,DRY,CLASE B-C,1,5
994,7,2,DRY,CLASE B-C,2,5
995,7,2,DRY,CLASE B-C,1,5
996,7,2,DRY,CLASE B-C,1,5
997,7,2,DRY,CLASE B-C,1,5
998,7,2,DRY,CLASE B-C,1,5
999,7,2,DRY,CLASE B-C,4,5
1000,7,2,DRY,CLASE B,1,5
1001,6,2,DRY,CLASE B-C,6,5
1002,6,2,DRY,CLASE B-C,5,5
1003,6,2,DRY,CLASE B-C,5,5
1004,6,2,DRY,CLASE B-C,5,5
1005,6,2,DRY,CLASE B-C,4,5
1006,6,2,DRY,CLASE B-C,4,5
1007,6,2,DRY,CLASE B-C,4,5
1008,6,2,DRY,CLASE B-C,4,5
1009,6,2,DRY,CLASE B-C,4,5
1010,6,2,DRY,CLASE B-C,4,5
1011,6,2,DRY,CLASE B-C,1,5
1012,6,2,DRY,CLASE B-C,1,5
1013,6,2,DRY,CLASE B-C,1,5
1014,6,2,DRY,CLASE B-C,1,5
1015,6,2,DRY,CLASE B-C,1,5
1016,6,2,DRY,CLASE B-C,1,5
1017,2,2,DRY,CLASE B-C,1,5
1018,6,2,DRY,CLASE B-C,1,5
1019,6,2,DRY,CLASE B-C,1,5
1020,6,2,DRY,CLASE B-C,1,5
1021,6,2,DRY,CLASE B-C,1,5
1022,3,2,DRY,CLASE B-C,130,5
1023,1,2,RF,CLASE B-C,112,5
1024,7,2,RF,CLASE B-C,84,5
1025,2,2,RF,CLASE B-C,81,5
1026,1,2,RF,CLASE B-C,79,5
1027,1,2,DRY,CLASE B-C,76,5
1028,1,2,DRY,CLASE B-C,76,5
1029,1,2,DRY,CLASE B-C,76,5
1030,1,2,DRY,CLASE B-C,74,5
1031,1,2,RF,CLASE B-C,80,5
1032,3,2,DRY,CLASE B-C,64,5
1033,3,2,DRY,CLASE B-C,74,5
1034,1,2,DRY,CLASE D,64,5
1035,1,2,DRY,CLASE B-C,62,5
1036,1,2,DRY,CLASE B-C,69,5
1037,1,2,DRY,CLASE B-C,63,5
1038,1,2,DRY,CLASE B-C,63,5
1039,1,2,DRY,CLASE B-C,62,5
1040,1,2,DRY,CLASE B-C,64,5
1041,1,2,DRY,CLASE B-C,63,5
1042,1,2,DRY,CLASE B-C,62,5
1043,4,2,DRY,CLASE B-C,62,5
1044,1,2,DRY,CLASE B-C,53,5
1045,1,1,DRY,INSPECTION,56,5
1046,4,2,DRY,CLASE B-C,63,5
1047,4,2,DRY,CLASE B-C,63,5
1048,4,2,DRY,CLASE B-C,63,5
1049,4,2,DRY,CLASE B-C,62,5
1050,3,2,DRY,CLASE B-C,62,5
1051,3,2,DRY,CLASE B-C,60,5
1052,8,2,RF,CLASE B-C,56,5
1053,8,2,RF,CLASE B-C,57,5
1054,1,2,DRY,CLASE B-C,59,5
1055,9,2,DRY,CLASE B-C,61,5
1056,7,2,RF,CLASE B-C,55,5
1057,7,2,RF,CLASE B-C,55,5
1058,1,2,DRY,CLASE B-C,57,5
1059,1,1,DRY,INSPECTION,52,5
1060,1,2,DRY,CLASE B-C,54,5
1061,1,2,DRY,CLASE B-C,54,5
1062,1,2,DRY,CLASE B-C,53,5
1063,1,2,DRY,CLASE B-C,54,5
1064,1,2,DRY,CLASE B-C,50,5
1065,1,2,DRY,CLASE D,47,5
1066,1,2,DRY,CLASE B-C,54,5
1067,1,2,DRY,CLASE B-C,50,5
1068,1,2,DRY,CLASE B-C,54,5
1069,1,2,DRY,CLASE B-C,50,5
1070,2,2,DRY,CLASE B-C,45,5
1071,2,1,DRY,CLASE B-C,43,5
1072,9,2,DRY,CLASE B-C,46,5
1073,3,2,DRY,CLASE B-C,50,5
1074,6,1,DRY,INSPECTION,46,5
1075,6,1,DRY,INSPECTION,42,5
1076,1,2,DRY,CLASE B-C,50,5
1077,1,2,DRY,CLASE B-C,50,5
1078,1,2,DRY,CLASE B-C,52,5
1079,1,2,DRY,CLASE B-C,50,5
1080,1,2,DRY,CLASE B-C,50,5
1081,1,2,DRY,CLASE B-C,50,5
1082,2,1,DRY,CLASE B-C,43,5
1083,1,1,DRY,INSPECTION,47,5
1084,6,2,DRY,CLASE B-C,1,5
1085,6,2,DRY,CLASE B-C,46,5
1086,6,2,DRY,CLASE B,1,5
1087,6,2,DRY,CLASE B-C,46,5
1088,6,2,DRY,CLASE B-C,1,5
1089,6,2,DRY,CLASE B-C,46,5
1090,1,2,DRY,CLASE B-C,45,5
1091,7,2,RF,CLASE B-C,41,5
1092,2,2,DRY,CLASE B-C,33,5
1093,2,2,DRY,CLASE B-C,28,5
1094,2,2,DRY,CLASE B-C,39,5
1095,2,2,DRY,CLASE B-C,31,5
1096,2,2,DRY,CLASE B-C,33,5
1097,2,2,DRY,CLASE B-C,31,5
1098,2,2,DRY,CLASE B-C,35,5
1099,2,2,DRY,CLASE B-C,29,5
1100,1,2,DRY,CLASE B-C,39,5
1101,1,2,DRY,CLASE B-C,39,5
1102,1,2,RF,CLASE B-C,34,5
1103,1,2,DRY,CLASE B-C,39,5
1104,1,2,DRY,CLASE B-C,39,5
1105,1,1,DRY,INSPECTION,40,5
1106,1,2,RF,CLASE B-C,27,5
1107,1,2,RF,CLASE B-C,24,5
1108,1,2,DRY,CLASE B-C,43,5
1109,3,2,DRY,CLASE A,25,5
1110,3,2,DRY,CLASE A,25,5
1111,3,2,DRY,CLASE B-C,27,5
1112,3,2,DRY,CLASE A,28,5
1113,3,2,DRY,CLASE B-C,21,5
1114,3,2,DRY,CLASE A,25,5
1115,7,2,DRY,CLASE B-C,35,5
1116,7,2,DRY,CLASE B-C,33,5
1117,7,2,DRY,CLASE B-C,32,5
1118,6,1,DRY,INSPECTION,34,5
1119,6,2,DRY,CLASE B-C,31,5
1120,6,2,RF,CLASE B-C,34,5
1121,6,2,RF,CLASE B-C,34,5
1122,6,2,RF,CLASE B-C,28,5
1123,6,2,RF,CLASE B-C,33,5
1124,1,2,RF,CLASE B-C,36,5
1125,1,2,RF,CLASE B-C,35,5
1126,1,2,RF,CLASE B-C,33,5
1127,1,2,DRY,CLASE B-C,22,5
1128,1,2,DRY,CLASE B-C,13,5
1129,2,2,DRY,CLASE B-C,25,5
1130,2,2,DRY,CLASE B-C,25,5
1131,2,2,DRY,CLASE B-C,32,5
1132,2,2,DRY,CLASE B-C,28,5
1133,2,2,DRY,CLASE B-C,25,5
1134,2,2,DRY,CLASE B-C,25,5
1135,2,2,DRY,CLASE B-C,33,5
1136,2,2,DRY,CLASE B-C,26,5
1137,2,2,DRY,CLASE B-C,26,5
1138,2,2,DRY,CLASE B-C,32,5
1139,2,2,DRY,CLASE B-C,28,5
1140,2,2,DRY,CLASE B-C,27,5
1141,2,2,DRY,CLASE B-C,25,5
1142,2,2,DRY,CLASE B-C,25,5
1143,2,2,DRY,CLASE B-C,25,5
1144,2,2,DRY,CLASE B-C,28,5
1145,2,2,DRY,CLASE B-C,32,5
1146,2,2,DRY,CLASE B-C,26,5
1147,2,2,DRY,CLASE B-C,28,5
1148,2,2,DRY,CLASE B-C,26,5
1149,2,2,DRY,CLASE B-C,29,5
1150,2,2,DRY,CLASE B-C,25,5
1151,2,2,DRY,CLASE B-C,29,5
1152,2,2,DRY,CLASE B-C,26,5
1153,2,2,DRY,CLASE B-C,28,5
1154,2,2,DRY,CLASE B,25,5
1155,2,2,DRY,CLASE B-C,25,5
1156,2,2,DRY,CLASE B-C,25,5
1157,2,2,DRY,CLASE B,25,5
1158,2,2,DRY,CLASE B-C,25,5
1159,2,2,DRY,CLASE B,26,5
1160,2,2,DRY,CLASE B-C,25,5
1161,2,2,DRY,CLASE B-C,25,5
1162,2,2,DRY,CLASE B-C,32,5
1163,2,2,DRY,CLASE B-C,25,5
1164,2,2,DRY,CLASE B-C,28,5
1165,2,2,DRY,CLASE B-C,25,5
1166,2,2,DRY,CLASE B-C,28,5
1167,2,2,DRY,CLASE B-C,28,5
1168,2,2,DRY,CLASE B-C,28,5
1169,2,2,DRY,CLASE B-C,25,5
1170,2,2,DRY,CLASE B-C,28,5
1171,2,2,DRY,CLASE B-C,28,5
1172,2,2,DRY,CLASE B-C,25,5
1173,2,2,DRY,CLASE B-C,33,5
1174,2,2,DRY,CLASE B-C,28,5
1175,2,2,DRY,CLASE B-C,28,5
1176,2,2,DRY,CLASE B-C,28,5
1177,2,2,DRY,CLASE B-C,25,5
1178,2,2,DRY,CLASE B-C,29,5
1179,2,2,DRY,CLASE B-C,25,5
1180,2,2,DRY,CLASE B-C,25,5
1181,2,2,DRY,CLASE B-C,28,5
1182,2,2,DRY,CLASE B-C,28,5
1183,2,2,DRY,CLASE B-C,29,5
1184,2,2,DRY,CLASE B-C,28,5
1185,2,2,DRY,CLASE B-C,28,5
1186,2,2,DRY,CLASE B-C,26,5
1187,2,2,DRY,CLASE B-C,26,5
1188,2,2,DRY,CLASE B-C,28,5
1189,2,2,DRY,CLASE B-C,26,5
1190,2,2,DRY,CLASE B-C,25,5
1191,2,2,DRY,CLASE B-C,28,5
1192,2,2,DRY,CLASE B-C,25,5
1193,2,2,DRY,CLASE B-C,32,5
1194,2,2,DRY,CLASE B-C,25,5
1195,2,2,DRY,CLASE B-C,25,5
1196,2,2,DRY,CLASE B-C,26,5
1197,2,2,DRY,CLASE B-C,28,5
1198,2,2,DRY,CLASE B-C,32,5
1199,2,2,DRY,CLASE B-C,25,5
1200,2,2,DRY,CLASE B-C,28,5
1201,2,2,DRY,CLASE B-C,25,5
1202,2,2,DRY,CLASE B-C,28,5
1203,2,2,DRY,CLASE B-C,26,5
1204,2,2,DRY,CLASE B-C,28,5
1205,2,2,DRY,CLASE B-C,25,5
1206,2,2,DRY,CLASE B-C,26,5
1207,2,2,DRY,CLASE B-C,28,5
1208,2,2,DRY,CLASE B-C,29,5
1209,2,2,DRY,CLASE B-C,25,5
1210,2,2,DRY,CLASE B-C,25,5
1211,2,2,DRY,CLASE B-C,32,5
1212,2,2,DRY,CLASE B-C,28,5
1213,2,2,DRY,CLASE B-C,26,5
1214,2,2,DRY,CLASE B-C,25,5
1215,2,2,DRY,CLASE B-C,26,5
1216,2,2,DRY,CLASE B-C,25,5
1217,2,2,DRY,CLASE B-C,25,5
1218,2,2,DRY,CLASE B-C,28,5
1219,2,2,DRY,CLASE B-C,28,5
1220,2,2,DRY,CLASE B-C,29,5
1221,2,2,DRY,CLASE B-C,28,5
1222,2,2,DRY,CLASE B-C,25,5
1223,2,2,DRY,CLASE B-C,28,5
1224,2,2,DRY,CLASE B-C,25,5
1225,2,2,DRY,CLASE B-C,28,5
1226,2,2,DRY,CLASE B-C,28,5
1227,2,2,DRY,CLASE B-C,26,5
1228,2,2,DRY,CLASE B-C,28,5
1229,2,2,DRY,CLASE B-C,26,5
1230,2,2,DRY,CLASE B-C,28,5
1231,2,2,DRY,CLASE B-C,26,5
1232,2,2,DRY,CLASE B-C,25,5
1233,2,2,DRY,CLASE B-C,25,5
1234,2,2,DRY,CLASE B-C,25,5
1235,2,2,DRY,CLASE B-C,25,5
1236,2,2,DRY,CLASE B-C,25,5
1237,2,2,DRY,CLASE B-C,25,5
1238,2,2,DRY,CLASE B-C,31,5
1239,2,2,DRY,CLASE B-C,28,5
1240,2,2,DRY,CLASE B-C,28,5
1241,2,2,DRY,CLASE B-C,25,5
1242,2,2,DRY,CLASE B-C,25,5
1243,2,2,DRY,CLASE B-C,25,5
1244,2,2,DRY,CLASE B-C,26,5
1245,2,2,DRY,CLASE B-C,29,5
1246,2,2,DRY,CLASE B-C,28,5
1247,2,2,DRY,CLASE B-C,28,5
1248,2,2,DRY,CLASE B-C,28,5
1249,2,2,DRY,CLASE B-C,29,5
1250,2,2,DRY,CLASE B-C,26,5
1251,2,2,DRY,CLASE B-C,29,5
1252,2,2,DRY,CLASE D,26,5
1253,2,2,DRY,CLASE B-C,25,5
1254,2,2,DRY,CLASE B-C,28,5
1255,2,2,DRY,CLASE B-C,32,5
1256,2,2,DRY,CLASE B-C,28,5
1257,2,2,DRY,CLASE B-C,32,5
1258,2,2,DRY,CLASE B-C,26,5
1259,2,2,DRY,CLASE B-C,33,5
1260,2,2,DRY,CLASE B-C,29,5
1261,2,2,DRY,CLASE B-C,28,5
1262,2,2,DRY,CLASE B-C,26,5
1263,2,2,DRY,CLASE B-C,29,5
1264,2,2,DRY,CLASE B-C,29,5
1265,2,2,DRY,CLASE B-C,29,5
1266,2,2,DRY,CLASE B-C,28,5
1267,2,2,DRY,CLASE B-C,28,5
1268,2,2,DRY,CLASE B-C,29,5
1269,2,2,DRY,CLASE B-C,28,5
1270,2,2,DRY,CLASE B-C,25,5
1271,2,2,DRY,CLASE B-C,28,5
1272,2,2,DRY,CLASE B-C,26,5
1273,2,2,DRY,CLASE B-C,28,5
1274,2,2,DRY,CLASE B-C,26,5
1275,2,2,DRY,CLASE B-C,26,5
1276,3,2,DRY,CLASE A,25,5
1277,3,2,DRY,CLASE B-C,18,5
1278,3,2,DRY,CLASE A,23,5
1279,3,2,DRY,CLASE A,25,5
1280,3,2,DRY,CLASE A,23,5
1281,3,2,DRY,CLASE A,23,5
1282,3,2,DRY,CLASE A,25,5
1283,3,2,DRY,CLASE A,23,5
1284,3,2,DRY,CLASE A,25,5
1285,8,2,DRY,CLASE B-C,25,5
1286,8,2,RF,CLASE B-C,24,5
1287,6,2,RF,CLASE B-C,25,5
1288,6,2,RF,CLASE B-C,29,5
1289,6,2,RF,CLASE B-C,25,5
1290,6,2,RF,CLASE B-C,26,5
1291,6,2,RF,CLASE B-C,27,5
1292,6,2,RF,CLASE B-C,27,5
1293,6,2,RF,CLASE B-C,25,5
1294,6,2,DRY,CLASE B-C,24,5
1295,6,1,DRY,INSPECTION,25,5
1296,6,2,RF,CLASE B-C,25,5
1297,6,2,RF,CLASE B-C,27,5
1298,7,2,DRY,CLASE B-C,18,5
1299,7,2,RF,CLASE B-C,28,5
1300,9,2,DRY,CLASE B-C,6,5
1301,2,2,DRY,CLASE B-C,21,5
1302,2,2,DRY,CLASE B-C,23,5
1303,2,2,DRY,CLASE B-C,20,5
1304,2,2,DRY,CLASE B-C,20,5
1305,2,2,DRY,CLASE A,21,5
1306,2,2,DRY,CLASE B-C,26,5
1307,2,2,DRY,CLASE B-C,20,5
1308,2,2,DRY,CLASE B-C,20,5
1309,2,2,DRY,CLASE A,23,5
1310,2,2,DRY,CLASE B-C,19,5
1311,2,2,DRY,CLASE A,21,5
1312,2,2,DRY,CLASE D,21,5
1313,2,2,DRY,CLASE B-C,25,5
1314,2,2,DRY,CLASE B-C,21,5
1315,2,2,DRY,CLASE B-C,21,5
1316,2,2,DRY,CLASE B-C,21,5
1317,2,2,DRY,CLASE B-C,26,5
1318,2,2,DRY,CLASE B-C,21,5
1319,2,2,DRY,CLASE B-C,26,5
1320,2,2,DRY,CLASE B-C,21,5
1321,2,2,DRY,CLASE B-C,21,5
1322,2,2,DRY,CLASE B-C,21,5
1323,2,2,DRY,CLASE B-C,21,5
1324,2,2,DRY,CLASE B-C,21,5
1325,2,2,DRY,CLASE B-C,21,5
1326,2,2,DRY,CLASE B-C,21,5
1327,2,2,DRY,CLASE B-C,26,5
1328,2,2,DRY,CLASE B-C,21,5
1329,2,2,DRY,CLASE D,20,5
1330,2,2,DRY,CLASE B-C,20,5
1331,2,2,DRY,CLASE B-C,24,5
1332,2,2,DRY,CLASE B-C,20,5
1333,2,2,DRY,CLASE B-C,21,5
1334,2,2,DRY,CLASE B-C,21,5
1335,2,2,DRY,CLASE B-C,21,5
1336,2,2,DRY,CLASE B-C,21,5
1337,2,2,RF,CLASE B-C,5,5
1338,2,2,DRY,CLASE B-C,21,5
1339,2,2,DRY,CLASE B-C,26,5
1340,2,2,DRY,CLASE B-C,23,5
1341,2,2,DRY,CLASE B-C,25,5
1342,2,2,DRY,CLASE B-C,20,5
1343,2,2,DRY,CLASE B-C,21,5
1344,2,2,DRY,CLASE B-C,21,5
1345,2,2,DRY,CLASE B-C,20,5
1346,2,2,DRY,CLASE B-C,21,5
1347,2,2,DRY,CLASE B-C,25,5
1348,2,2,DRY,CLASE B-C,25,5
1349,2,2,DRY,CLASE B-C,23,5
1350,2,2,DRY,CLASE B-C,21,5
1351,2,2,DRY,CLASE B-C,21,5
1352,2,2,DRY,CLASE B-C,21,5
1353,2,2,DRY,CLASE B-C,21,5
1354,2,2,DRY,CLASE B-C,22,5
1355,2,2,DRY,CLASE B-C,25,5
1356,2,2,DRY,CLASE B-C,21,5
1357,2,2,DRY,CLASE B-C,22,5
1358,2,2,DRY,CLASE B-C,25,5
1359,2,2,DRY,CLASE B-C,21,5
1360,2,2,DRY,CLASE B-C,21,5
1361,2,2,DRY,CLASE B-C,21,5
1362,2,2,DRY,CLASE B-C,21,5
1363,2,2,DRY,CLASE B-C,26,5
1364,2,2,DRY,CLASE B-C,21,5
1365,2,2,DRY,CLASE B-C,25,5
1366,2,2,DRY,CLASE B-C,23,5
1367,2,2,DRY,CLASE B-C,22,5
1368,2,2,DRY,CLASE B-C,23,5
1369,2,2,DRY,CLASE B-C,21,5
1370,2,2,DRY,CLASE B-C,19,5
1371,2,2,DRY,CLASE B-C,21,5
1372,2,2,DRY,CLASE B-C,21,5
1373,2,2,DRY,CLASE B-C,20,5
1374,2,2,DRY,CLASE B-C,21,5
1375,2,2,DRY,CLASE B-C,23,5
1376,2,2,DRY,CLASE B-C,18,5
1377,2,2,DRY,CLASE B-C,19,5
1378,2,2,DRY,CLASE B-C,20,5
1379,2,2,DRY,CLASE D,23,5
1380,2,2,DRY,CLASE B-C,21,5
1381,2,2,DRY,CLASE B-C,25,5
1382,2,2,DRY,CLASE B-C,21,5
1383,2,2,DRY,CLASE D,23,5
1384,2,2,DRY,CLASE B-C,21,5
1385,2,2,DRY,CLASE B-C,20,5
1386,2,2,DRY,CLASE B-C,21,5
1387,2,2,DRY,CLASE B-C,26,5
1388,2,2,DRY,CLASE B-C,20,5
1389,2,2,DRY,CLASE B-C,20,5
1390,2,2,DRY,CLASE B-C,26,5
1391,2,2,DRY,CLASE B-C,21,5
1392,2,2,DRY,CLASE B-C,23,5
1393,2,2,DRY,CLASE B-C,22,5
1394,2,2,DRY,CLASE B-C,22,5
1395,2,2,DRY,CLASE B-C,21,5
1396,2,2,DRY,CLASE B-C,21,5
1397,2,2,DRY,CLASE B-C,20,5
1398,2,2,DRY,CLASE B-C,21,5
1399,2,2,DRY,CLASE B-C,21,5
1400,2,2,DRY,CLASE D,19,5
1401,2,2,DRY,CLASE B-C,19,5
1402,2,2,DRY,CLASE B-C,26,5
1403,2,2,DRY,CLASE B-C,20,5
1404,2,2,DRY,CLASE B-C,21,5
1405,2,2,DRY,CLASE B-C,23,5
1406,2,2,DRY,CLASE B-C,21,5
1407,2,2,DRY,CLASE B-C,22,5
1408,2,2,DRY,CLASE B-C,21,5
1409,2,2,DRY,CLASE B-C,21,5
1410,2,2,DRY,CLASE B-C,21,5
1411,2,2,DRY,CLASE B-C,21,5
1412,2,2,DRY,CLASE B-C,21,5
1413,2,2,DRY,CLASE B-C,25,5
1414,2,2,DRY,CLASE B-C,26,5
1415,2,2,DRY,CLASE B-C,26,5
1416,2,2,DRY,CLASE B-C,26,5
1417,2,2,DRY,CLASE B-C,20,5
1418,2,2,DRY,CLASE B-C,22,5
1419,2,2,DRY,CLASE A,21,5
1420,2,2,DRY,CLASE B-C,20,5
1421,2,2,DRY,CLASE B-C,21,5
1422,2,2,DRY,CLASE B-C,21,5
1423,5,2,DRY,CLASE B-C,23,5
1424,5,2,DRY,CLASE B-C,23,5
1425,5,2,DRY,INSPECTION,25,5
1426,1,2,DRY,CLASE B-C,15,5
1427,1,2,RF,CLASE B-C,27,5
1428,1,2,RF,CLASE B-C,24,5
1429,1,2,RF,CLASE B-C,26,5
1430,1,2,DRY,CLASE B-C,25,5
1431,3,2,DRY,CLASE B-C,19,5
1432,3,2,DRY,CLASE B-C,19,5
1433,3,2,DRY,CLASE B-C,24,5
1434,3,2,DRY,CLASE B-C,24,5
1435,3,2,DRY,CLASE B-C,1,5
1436,3,2,DRY,CLASE B-C,24,5
1437,3,2,DRY,CLASE B-C,1,5
1438,3,2,DRY,CLASE B-C,24,5
1439,6,2,RF,CLASE B-C,22,5
1440,6,1,DRY,INSPECTION,16,5
1441,7,2,RF,CLASE B-C,21,5
1442,7,2,DRY,CLASE B-C,15,5
1443,7,2,RF,CLASE B-C,20,5
1444,7,2,RF,CLASE B-C,23,5
1445,1,2,DRY,CLASE B-C,23,5
1446,1,2,DRY,CLASE B-C,23,5
1447,1,2,DRY,CLASE B-C,22,5
1448,1,2,DRY,CLASE B-C,21,5
1449,1,2,DRY,CLASE B-C,21,5
1450,1,2,DRY,CLASE B-C,21,5
1451,1,2,DRY,CLASE B-C,21,5
1452,1,2,DRY,CLASE B-C,21,5
1453,1,2,DRY,CLASE B-C,21,5
1454,1,2,DRY,CLASE B-C,21,5
1455,1,2,DRY,CLASE B-C,21,5
1456,1,2,DRY,CLASE B-C,21,5
1457,1,2,DRY,CLASE B-C,19,5
1458,1,2,DRY,CLASE B-C,19,5
1459,1,2,DRY,CLASE B-C,19,5
1460,7,2,RF,CLASE B-C,18,5
1461,6,1,DRY,INSPECTION,14,5
1462,6,1,DRY,INSPECTION,14,5
1463,6,1,DRY,INSPECTION,13,5
1464,6,1,DRY,INSPECTION,14,5
1465,6,1,DRY,INSPECTION,14,5
1466,6,1,DRY,INSPECTION,14,5
1467,6,1,DRY,INSPECTION,14,5
1468,6,1,DRY,INSPECTION,11,5
1469,6,1,DRY,INSPECTION,14,5
1470,6,1,DRY,INSPECTION,14,5
1471,6,1,DRY,INSPECTION,14,5
1472,7,2,DRY,CLASE B-C,12,5
1473,7,2,DRY,CLASE B-C,15,5
1474,7,2,DRY,CLASE B-C,15,5
1475,7,2,DRY,CLASE B-C,16,5
1476,7,2,DRY,CLASE B-C,13,5
1477,7,2,DRY,CLASE B-C,15,5
1478,7,2,DRY,CLASE B-C,16,5
1479,7,2,DRY,CLASE B-C,13,5
1480,7,2,DRY,CLASE B-C,13,5
1481,7,2,DRY,CLASE B-C,15,5
1482,7,2,DRY,CLASE B-C,12,5
1483,7,2,DRY,CLASE B-C,15,5
1484,7,2,DRY,CLASE B-C,15,5
1485,7,2,DRY,CLASE B-C,13,5
1486,9,2,RF,CLASE B-C,9,5
1487,9,2,DRY,CLASE B-C,11,5
1488,9,1,DRY,CLASE B,11,5
1489,9,2,DRY,CLASE B-C,11,5
1490,2,2,DRY,CLASE B-C,10,5
1491,2,2,DRY,CLASE B-C,13,5
1492,2,2,DRY,CLASE B-C,14,5
1493,2,1,DRY,CLASE B-C,9,5
1494,2,2,RF,CLASE B-C,2,5
1495,2,2,DRY,CLASE B-C,9,5
1496,2,2,DRY,CLASE B-C,10,5
1497,2,2,DRY,CLASE B-C,10,5
1498,2,2,DRY,CLASE B-C,10,5
1499,1,2,RF,CLASE B-C,10,5
1500,1,2,DRY,CLASE B-C,12,5
1501,1,2,DRY,CLASE B-C,12,5
1502,1,2,DRY,CLASE B-C,12,5
1503,1,2,DRY,CLASE B-C,9,5
1504,1,2,DRY,CLASE B-C,9,5
1505,1,2,DRY,CLASE B-C,10,5
1506,1,2,DRY,CLASE B-C,12,5
1507,1,2,DRY,CLASE B-C,12,5
1508,1,2,RF,CLASE B-C,6,5
1509,1,2,DRY,CLASE B-C,12,5
1510,1,2,RF,CLASE B-C,14,5
1511,1,2,DRY,CLASE B-C,15,5
1512,1,2,DRY,CLASE B-C,15,5
1513,1,2,DRY,CLASE B-C,15,5
1514,1,2,DRY,CLASE B-C,15,5
1515,1,2,DRY,CLASE B-C,12,5
1516,1,2,DRY,CLASE B-C,12,5
1517,1,2,DRY,CLASE B-C,12,5
1518,1,2,DRY,CLASE B-C,11,5
1519,1,2,DRY,CLASE B-C,12,5
1520,1,2,DRY,CLASE B-C,12,5
1521,1,2,DRY,CLASE B-C,12,5
1522,1,2,DRY,CLASE B-C,12,5
1523,1,2,DRY,CLASE B-C,12,5
1524,1,2,DRY,CLASE B-C,10,5
1525,1,2,DRY,CLASE B-C,11,5
1526,1,2,DRY,CLASE B-C,10,5
1527,1,2,DRY,CLASE B-C,10,5
1528,1,2,DRY,CLASE B-C,10,5
1529,1,2,DRY,CLASE B-C,10,5
1530,1,2,DRY,CLASE B-C,10,5
1531,1,2,DRY,CLASE B-C,10,5
1532,1,2,DRY,CLASE B-C,11,5
1533,1,2,DRY,CLASE B-C,10,5
1534,1,2,DRY,CLASE B-C,11,5
1535,1,2,DRY,CLASE B-C,10,5
1536,1,2,DRY,CLASE B-C,10,5
1537,1,2,DRY,CLASE B-C,10,5
1538,1,2,DRY,CLASE B-C,10,5
1539,1,2,DRY,CLASE B-C,10,5
1540,1,2,DRY,CLASE B-C,10,5
1541,1,2,DRY,CLASE B-C,10,5
1542,1,2,DRY,CLASE B-C,10,5
1543,1,2,DRY,CLASE B-C,10,5
1544,1,2,DRY,CLASE B-C,10,5
1545,1,2,DRY,CLASE B-C,10,5
1546,1,2,DRY,CLASE B-C,10,5
1547,1,2,DRY,CLASE B-C,10,5
1548,1,2,DRY,CLASE B-C,10,5
1549,1,2,DRY,CLASE B-C,10,5
1550,1,2,DRY,CLASE B-C,10,5
1551,1,2,DRY,CLASE B,10,5
1552,1,2,DRY,CLASE B-C,11,5
1553,1,2,DRY,CLASE B-C,10,5
1554,1,2,DRY,CLASE B-C,10,5
1555,1,2,DRY,CLASE B-C,9,5
1556,1,2,DRY,CLASE B-C,9,5
1557,1,2,DRY,CLASE B-C,9,5
1558,1,2,DRY,CLASE B-C,9,5
1559,1,2,DRY,CLASE B-C,9,5
1560,1,2,DRY,CLASE B-C,9,5
1561,1,2,DRY,CLASE B-C,9,5
1562,8,2,DRY,CLASE B-C,3,5
1563,6,2,RF,CLASE B-C,2,5
1564,6,2,DRY,CLASE B-C,1,5
1565,6,2,DRY,CLASE B-C,1,5
1566,6,2,DRY,CLASE B-C,1,5
1567,7,2,DRY,CLASE B-C,8,5
1568,7,2,DRY,CLASE B-C,9,5
1569,7,2,DRY,CLASE B-C,9,5
1570,7,2,DRY,CLASE B-C,8,5
1571,7,2,DRY,CLASE B-C,8,5
1572,7,2,DRY,CLASE B-C,9,5
1573,7,2,DRY,CLASE B-C,6,5
1574,7,2,DRY,CLASE B-C,7,5
1575,7,2,DRY,CLASE B-C,6,5
1576,7,2,DRY,CLASE B-C,8,5
1577,7,2,DRY,CLASE B-C,4,5
1578,7,2,DRY,CLASE B-C,6,5
1579,7,2,DRY,CLASE B-C,8,5
1580,7,2,DRY,CLASE B-C,6,5
1581,7,2,DRY,CLASE B-C,8,5
1582,7,2,DRY,CLASE B-C,3,5
1583,7,2,DRY,CLASE B-C,8,5
1584,7,2,DRY,CLASE B-C,5,5
1585,7,2,DRY,CLASE B-C,4,5
1586,7,2,DRY,CLASE B-C,9,5
1587,7,2,DRY,CLASE B-C,4,5
1588,7,2,DRY,CLASE B-C,6,5
1589,7,2,DRY,CLASE B-C,9,5
1590,7,2,DRY,CLASE B-C,9,5
1591,7,2,DRY,CLASE B-C,6,5
1592,7,2,DRY,CLASE B-C,9,5
1593,7,2,DRY,CLASE B-C,9,5
1594,7,2,DRY,CLASE B-C,5,5
1595,7,2,DRY,CLASE B-C,4,5
1596,7,2,DRY,CLASE B-C,9,5
1597,7,2,DRY,CLASE A,6,5
1598,7,2,DRY,CLASE B-C,6,5
1599,7,2,DRY,CLASE B-C,8,5
1600,7,2,DRY,CLASE B-C,7,5
1601,7,2,DRY,CLASE B-C,6,5
1602,7,2,DRY,CLASE B-C,3,5
1603,7,2,DRY,CLASE B-C,8,5
1604,7,2,DRY,CLASE B-C,5,5
1605,7,2,DRY,CLASE B-C,1,5
1606,7,2,DRY,CLASE B-C,7,5
1607,7,2,DRY,CLASE B-C,7,5
1608,7,2,DRY,CLASE B-C,9,5
1609,7,2,DRY,CLASE B-C,6,5
1610,7,2,DRY,CLASE B-C,9,5
1611,7,2,DRY,CLASE B-C,7,5
1612,7,2,DRY,CLASE B-C,8,5
1613,7,2,DRY,CLASE B-C,6,5
1614,7,2,DRY,CLASE B-C,5,5
1615,7,2,DRY,CLASE B-C,8,5
1616,7,2,DRY,CLASE B-C,8,5
1617,7,2,DRY,CLASE B-C,4,5
1618,7,2,DRY,CLASE B-C,8,5
1619,7,2,DRY,CLASE B-C,8,5
1620,7,2,DRY,CLASE B-C,8,5
1621,7,2,DRY,CLASE B,6,5
1622,7,2,DRY,CLASE B-C,6,5
1623,7,2,DRY,CLASE B-C,6,5
1624,7,2,DRY,CLASE B-C,8,5
1625,7,2,DRY,CLASE B-C,6,5
1626,7,2,DRY,CLASE B-C,8,5
1627,7,2,DRY,CLASE B-C,3,5
1628,7,2,DRY,CLASE B-C,4,5
1629,7,2,DRY,CLASE B-C,8,5
1630,7,2,DRY,CLASE B-C,6,5
1631,7,2,DRY,CLASE B-C,9,5
1632,7,2,DRY,CLASE B-C,9,5
1633,7,2,DRY,CLASE B-C,9,5
1634,7,2,DRY,CLASE B-C,4,5
1635,7,2,DRY,CLASE B-C,9,5
1636,7,2,DRY,CLASE B-C,6,5
1637,7,2,DRY,CLASE B-C,6,5
1638,7,2,DRY,CLASE B-C,9,5
1639,7,2,DRY,CLASE B-C,9,5
1640,7,2,DRY,CLASE B-C,6,5
1641,7,2,DRY,CLASE B-C,8,5
1642,7,2,DRY,CLASE B-C,6,5
1643,7,2,DRY,CLASE B-C,7,5
1644,7,2,DRY,CLASE B-C,5,5
1645,7,2,DRY,CLASE B-C,8,5
1646,7,2,DRY,CLASE D,7,5
1647,7,2,DRY,CLASE B-C,8,5
1648,7,2,DRY,CLASE B-C,9,5
1649,7,2,DRY,CLASE B-C,6,5
1650,7,2,DRY,CLASE B-C,9,5
1651,7,2,DRY,CLASE B-C,9,5
1652,7,2,DRY,CLASE B-C,4,5
1653,7,2,DRY,CLASE B-C,5,5
1654,7,2,DRY,CLASE B-C,6,5
1655,7,2,DRY,CLASE B-C,4,5
1656,7,2,DRY,CLASE B-C,6,5
1657,7,2,DRY,CLASE B-C,8,5
1658,7,2,DRY,CLASE B-C,3,5
1659,7,2,DRY,CLASE B-C,9,5
1660,7,2,DRY,CLASE B-C,7,5
1661,7,2,DRY,CLASE B-C,8,5
1662,7,2,DRY,CLASE B-C,4,5
1663,7,2,DRY,CLASE B-C,8,5
1664,7,2,DRY,CLASE B-C,8,5
1665,7,2,DRY,CLASE B-C,9,5
1666,7,2,DRY,CLASE B-C,5,5
1667,7,2,DRY,CLASE B-C,8,5
1668,7,2,DRY,CLASE B-C,3,5
1669,7,2,DRY,CLASE B-C,9,5
1670,7,2,DRY,CLASE B-C,8,5
1671,7,2,DRY,CLASE B-C,9,5
1672,7,2,DRY,CLASE B-C,6,5
1673,7,2,DRY,CLASE B-C,7,5
1674,7,2,DRY,CLASE B-C,1,5
1675,7,2,DRY,CLASE B-C,3,5
1676,7,2,DRY,CLASE B-C,8,5
1677,7,2,DRY,CLASE B-C,8,5
1678,1,2,DRY,CLASE D,10,5
1679,1,2,RF,CLASE B-C,10,5
1680,7,2,DRY,CLASE B-C,6,5
1681,7,2,DRY,CLASE B-C,4,5
1682,7,2,DRY,CLASE B-C,8,5
1683,7,2,DRY,CLASE B-C,5,5
1684,7,2,DRY,CLASE B-C,4,5
1685,7,2,DRY,CLASE B-C,6,5
1686,7,2,DRY,CLASE B-C,7,5
1687,7,2,DRY,CLASE B-C,7,5
1688,7,2,DRY,CLASE B-C,6,5
1689,7,2,DRY,CLASE B-C,6,5
1690,7,2,DRY,CLASE B-C,5,5
1691,7,2,DRY,CLASE B-C,5,5
1692,7,2,DRY,CLASE B-C,5,5
1693,7,2,DRY,CLASE B-C,6,5
1694,7,2,DRY,CLASE B-C,7,5
1695,7,2,DRY,CLASE B-C,5,5
1696,7,2,DRY,CLASE B-C,6,5
1697,7,2,DRY,CLASE B-C,7,5
1698,7,2,DRY,CLASE B-C,7,5
1699,7,2,DRY,CLASE B-C,4,5
1700,7,2,DRY,CLASE B-C,6,5
1701,7,2,DRY,CLASE B-C,7,5
1702,7,2,DRY,CLASE B-C,8,5
1703,7,2,DRY,CLASE B-C,7,5
1704,7,2,DRY,CLASE B-C,6,5
1705,7,2,DRY,CLASE B-C,3,5
1706,7,2,DRY,CLASE B-C,7,5
1707,7,2,DRY,CLASE B-C,7,5
1708,7,2,DRY,CLASE B-C,4,5
1709,7,2,DRY,CLASE B-C,7,5
1710,7,2,DRY,CLASE B-C,7,5
1711,7,2,DRY,CLASE B-C,6,5
1712,7,2,DRY,CLASE B-C,5,5
1713,7,2,DRY,CLASE B-C,5,5
1714,7,2,DRY,CLASE B-C,7,5
1715,7,2,DRY,CLASE B-C,6,5
1716,7,2,DRY,CLASE B-C,6,5
1717,7,2,DRY,CLASE B-C,6,5
1718,7,2,DRY,CLASE B-C,5,5
1719,7,2,DRY,CLASE B-C,5,5
1720,7,2,DRY,CLASE B-C,6,5
1721,7,2,DRY,CLASE B-C,6,5
1722,7,2,DRY,CLASE B-C,6,5
1723,7,2,DRY,CLASE B-C,6,5
1724,7,2,DRY,CLASE B-C,7,5
1725,7,2,DRY,CLASE B-C,6,5
1726,7,2,DRY,CLASE B-C,6,5
1727,7,2,DRY,CLASE B-C,7,5
1728,7,2,DRY,CLASE B-C,5,5
1729,7,2,DRY,CLASE B-C,6,5
1730,7,2,DRY,CLASE B-C,8,5
1731,7,2,DRY,CLASE B-C,7,5
1732,7,2,DRY,CLASE B-C,7,5
1733,7,2,DRY,CLASE B-C,7,5
1734,7,2,DRY,CLASE B-C,6,5
1735,7,2,DRY,CLASE B-C,6,5
1736,7,2,DRY,CLASE B-C,6,5
1737,7,2,DRY,CLASE B-C,4,5
1738,7,2,DRY,CLASE B-C,7,5
1739,7,2,DRY,CLASE B-C,6,5
1740,1,2,DRY,CLASE B-C,8,5
1741,1,2,DRY,CLASE B-C,7,5
1742,6,2,RF,CLASE B-C,2,5
1743,1,2,DRY,CLASE B-C,4,5
1744,6,2,RF,INSPECTION,3,5
1745,7,2,DRY,CLASE B-C,3,5
1746,7,2,DRY,CLASE B-C,2,5
1747,7,2,RF,CLASE B-C,2,5
1748,7,2,RF,CLASE B-C,2,5
1749,7,2,RF,CLASE B-C,3,5
1750,7,2,RF,CLASE B-C,2,5
1751,7,2,RF,CLASE B-C,3,5
1752,7,2,RF,CLASE B-C,2,5
1753,7,2,RF,CLASE B-C,3,5
1754,7,2,DRY,CLASE B-C,2,5
1755,7,2,DRY,CLASE B-C,2,5
1756,7,2,DRY,CLASE B-C,2,5
1757,7,2,DRY,CLASE B-C,2,5
1758,7,2,DRY,CLASE B-C,2,5
1759,7,2,RF,CLASE B-C,2,5
1760,7,2,RF,CLASE B-C,2,5
1761,7,2,DRY,CLASE B-C,1,5
1762,7,2,DRY,CLASE B-C,2,5
1763,7,2,DRY,CLASE B-C,2,5
1764,7,2,RF,CLASE B-C,2,5
1765,7,2,RF,CLASE B-C,3,5
1766,7,2,RF,CLASE B-C,3,5
1767,7,2,RF,CLASE B-C,3,5
1768,7,2,RF,CLASE B-C,2,5
1769,7,2,RF,CLASE B-C,2,5
1770,7,2,DRY,CLASE B-C,1,5
1771,7,2,RF,CLASE B-C,4,5
1772,7,2,DRY,CLASE B-C,1,5
1773,7,2,DRY,CLASE B,2,5
1774,7,2,DRY,CLASE B-C,2,5
1775,7,2,DRY,CLASE B-C,2,5
1776,7,2,DRY,CLASE B-C,2,5
1777,7,2,DRY,CLASE B-C,1,5
1778,7,2,DRY,CLASE B-C,1,5
1779,7,2,DRY,CLASE B-C,2,5
1780,7,2,DRY,CLASE A,1,5
1781,7,2,DRY,CLASE B-C,2,5
1782,7,2,DRY,CLASE B-C,2,5
1783,7,2,DRY,CLASE B-C,2,5
1784,7,2,DRY,CLASE B-C,1,5
1785,7,2,DRY,CLASE B-C,1,5
1786,7,2,DRY,CLASE B-C,1,5
1787,7,2,DRY,CLASE B-C,2,5
1788,7,2,DRY,CLASE B-C,2,5
1789,7,2,DRY,CLASE B-C,2,5
1790,7,2,RF,CLASE B-C,4,5
1791,7,2,DRY,CLASE B-C,2,5
1792,7,2,DRY,CLASE B-C,2,5
1793,7,2,DRY,CLASE B-C,1,5
1794,7,2,DRY,CLASE B-C,2,5
1795,7,2,DRY,CLASE B-C,1,5
1796,7,2,DRY,CLASE B-C,2,5
1797,7,2,DRY,CLASE B-C,1,5
1798,7,2,DRY,CLASE B-C,2,5
1799,7,2,DRY,CLASE B-C,2,5
1800,7,2,RF,CLASE B-C,2,5
1801,7,2,DRY,CLASE B-C,2,5
1802,7,2,RF,CLASE B-C,3,5
1803,7,2,RF,CLASE B-C,2,5
1804,7,2,RF,CLASE B-C,3,5
1805,7,2,RF,CLASE B-C,3,5
1806,7,2,DRY,CLASE B-C,2,5
1807,7,2,DRY,CLASE B-C,2,5
1808,7,2,DRY,CLASE B-C,1,5
1809,7,2,DRY,CLASE B-C,2,5
1810,7,2,DRY,CLASE B-C,1,5
1811,7,2,DRY,CLASE B-C,1,5
1812,7,2,DRY,CLASE B-C,2,5
1813,7,2,DRY,CLASE B-C,2,5
1814,7,2,DRY,CLASE B-C,4,5
1815,7,2,DRY,CLASE B-C,1,5
1816,7,2,RF,CLASE B-C,3,5
1817,7,2,DRY,CLASE A,1,5
1818,7,2,DRY,CLASE B-C,2,5
1819,7,2,DRY,CLASE B-C,2,5
1820,7,2,DRY,CLASE B-C,1,5
1821,7,2,DRY,CLASE B-C,2,5
1822,7,2,DRY,CLASE B-C,2,5
1823,7,2,DRY,CLASE B-C,2,5
1824,7,2,DRY,CLASE B-C,2,5
1825,7,2,DRY,CLASE B-C,2,5
1826,7,2,DRY,CLASE B-C,2,5
1827,7,2,DRY,CLASE B-C,1,5
1828,7,2,DRY,CLASE B-C,2,5
1829,7,2,RF,CLASE B-C,2,5
1830,7,2,RF,CLASE B-C,3,5
1831,7,2,RF,CLASE B-C,4,5
1832,7,2,RF,CLASE B-C,2,5
1833,7,2,RF,CLASE B-C,3,5
1834,7,2,RF,CLASE B-C,2,5
1835,7,2,RF,CLASE B-C,3,5
1836,7,2,DRY,CLASE B-C,1,5
1837,7,2,DRY,CLASE B-C,2,5
1838,7,2,DRY,CLASE B-C,1,5
1839,7,2,DRY,CLASE B-C,4,5
1840,7,2,DRY,CLASE B-C,2,5
1841,7,2,DRY,CLASE B-C,2,5
1842,7,2,DRY,CLASE B-C,1,5
1843,9,2,DRY,CLASE B-C,3,5
1844,6,2,DRY,CLASE B-C,1,5
1845,6,2,DRY,CLASE B-C,1,5
1846,6,2,DRY,CLASE B-C,1,5
1847,6,2,DRY,CLASE B-C,1,5
1848,9,2,DRY,CLASE B-C,3,5
1849,9,2,DRY,CLASE B-C,3,5
1850,6,2,DRY,CLASE B-C,1,5
1851,9,2,DRY,CLASE B-C,3,5
1852,9,2,DRY,CLASE B-C,3,5
1853,9,2,DRY,CLASE B-C,3,5
1854,6,2,DRY,CLASE B-C,1,5
1855,6,2,DRY,CLASE B-C,1,5
1856,6,2,DRY,CLASE B-C,1,5
1857,1,2,DRY,CLASE B-C,3,5
1858,6,2,DRY,CLASE B-C,1,5
1859,6,2,DRY,CLASE B-C,1,5
1860,6,2,DRY,CLASE B-C,1,5
1861,6,2,DRY,CLASE B-C,1,5
1862,2,2,DRY,CLASE B-C,1,5
1863,2,2,DRY,CLASE B-C,1,5
1864,2,2,DRY,CLASE B-C,1,5
1865,2,2,DRY,CLASE B-C,1,5
1866,2,2,DRY,CLASE B-C,1,5
1867,2,2,DRY,CLASE B-C,1,5
1868,2,2,DRY,CLASE B-C,1,5
1869,2,2,DRY,CLASE B-C,1,5
1870,2,2,DRY,CLASE B-C,1,5
1871,2,2,DRY,CLASE B-C,1,5
1872,2,2,DRY,CLASE B-C,1,5
1873,2,2,DRY,CLASE B-C,1,5
1874,2,2,DRY,CLASE B-C,1,5
1875,2,2,DRY,CLASE B-C,1,5
1876,2,2,DRY,CLASE B-C,1,5
1877,2,2,DRY,CLASE B-C,1,5
1878,2,2,DRY,CLASE B-C,1,5
1879,2,2,DRY,CLASE B-C,1,5
1880,2,2,DRY,CLASE B-C,1,5
1881,2,2,DRY,CLASE B-C,1,5
1882,2,2,DRY,CLASE B-C,1,5
1883,2,2,DRY,CLASE B-C,1,5
1884,2,2,DRY,CLASE B-C,1,5
1885,2,2,DRY,CLASE B-C,1,5
1886,2,2,DRY,CLASE B-C,1,5
1887,2,2,DRY,CLASE B-C,1,5
1888,2,2,DRY,CLASE B-C,1,5
1889,2,2,DRY,CLASE B-C,1,5
1890,2,2,DRY,CLASE B-C,1,5
1891,2,2,DRY,CLASE B-C,1,5
1892,2,2,DRY,CLASE B-C,1,5
1893,2,2,DRY,CLASE B-C,1,5
1894,2,2,DRY,CLASE B-C,1,5
1895,2,2,DRY,CLASE B-C,1,5
1896,2,2,DRY,CLASE B-C,1,5
1897,2,2,DRY,CLASE B-C,1,5
1898,2,2,DRY,CLASE B-C,1,5
1899,2,2,DRY,CLASE B-C,1,5
1900,2,2,DRY,CLASE B-C,1,5
1901,2,2,DRY,CLASE B-C,1,5
1902,2,2,DRY,CLASE B-C,1,5
1903,2,2,DRY,CLASE B-C,1,5
